borough,councildist,food_scrap_drop_off_site,latitude,location,longitude,ntaname,notes,object_id,operation_day_hours,open_months,hosted_by,borocd,ct2010,point.type,point.coordinates,precinct,website
Staten Island,51.0,Staten Island Mall Greenmarket,40.583757,"Staten Island Mall, Marsh Ave & Ring Rd, Staten Island, NY 10314",-74.161931,Todt Hill-Emerson Hill-Heartland Village-Lighthouse Hill,"No meat, bones, or dairy accepted.",152,"Saturdays, 8:30am-1pm",Seasonal (closing Dec 18),SHCC,502.0,027702,Point,,121.0,NA
Staten Island,50.0,Grace Foundation,40.591211,460w Brielle Avenue,-74.1320734,Todt Hill-Emerson Hill-Heartland Village-Lighthouse Hill,"Not accepted: meat, bones, or dairy",151,Mondays 9 AM - 12 PM,Year Round,Grace Foundation,502.0,018100,Point,,122.0,graceofny.org
Brooklyn,46.0,Genovesi Environmental Study Center,40.6221465,"7151 Avenue T, Brooklyn, NY 11234",-73.9084944,Georgetown-Marine Park-Bergen Beach-Mill Basin,"Not accepted: meat, bones, or dairy",150,Mondays - Fridays 9 AM - 3 PM,Year Round,Genovesi Environmental Study Center,318.0,069602,Point,,63.0,https://www.schools.nyc.gov/learning/student-journey/experiential-learning/genovesi-environmental-study-center
Brooklyn,43.0,4th Avenue Presbyterian Church,40.635514,"6753 4th Avenue, Brooklyn, NY 11220",-74.022767,Bay Ridge,"Not accepted: meat, bones, or dairy",149,24/7,Year Round,4th Avenue Presbyterian Church,310.0,012600,Point,,68.0,NA
Bronx,13.0,Einstein Community Garden,40.8532261,Near 1975 Eastchester Road,-73.8434618,Pelham Parkway,"Drop items inside the blue barrel located in the garden. Remove all plastic, stickers, & ties. before dropping off food scraps. Not accepted: grains, meat, bones, or dairy.",148,Wednesdays 4 PM - 5 PM,Year Round,Volunteers at Einstein Community Garden,211.0,029600,Point,,49.0,NA
Bronx,13.0,The Garden at Preston,40.8139813,"2780 Schurz Ave, The Bronx, NY 10465 (Intersection of Schurz Avenue and Huntington Avenue)",-73.8190803,Schuylerville-Throgs Neck-Edgewater Park,"Not accepted: meat, bones, or dairy",147,Tuesdays 4 PM - 7 PM,Year Round,Northeast Bronx Farmers Market Project,210.0,013200,Point,,45.0,https://www.facebook.com/northeastbronxcommunityfarmersmarket/
Queens,32.0,GallopNYC: Sunrise Stables,40.67058,"80-98 Linden Blvd, Howard Beach, NY 11414",-73.85247,Lindenwood-Howard Beach,"Not accepted: meat, bones, or dairy",146,Saturdays 9:15 AM - 2:00 PM,Year Round,GallopNYC: Sunrise Stables,410.0,006202,Point,,106.0,http://gallopnyc.org/sunrise-stables
Queens,19.0,St. Anastasia Roman Catholic Church,40.7657836,246-02 Northern Blvd; Enter the path to the right of the school yard to the student garden,-73.7408196,Douglas Manor-Douglaston-Little Neck,"Not accepted: meat, bones, or dairy",145,Fridays 8:00AM - 12:00PM; Saturdays 12:00PM - 12:30PM,Year Round,St. Anastasia Roman Catholic Church,411.0,150701,Point,,111.0,https://www.sta.nyc/
Manhattan,4.0,St. Vartan Park,40.745061,St. Vartan Park  Near the 1st Ave. & E 36th St. entrance,-73.973126,Murray Hill-Kips Bay,"Visit bit.ly/StVartanCompost or email CompostStVartan@gmail.com to volunteer. Not accepted: meat, bones, or dairy",144,Saturdays 10 AM - 4 PM,Year Round,Alliance for Kips Bay with PS281 Green Team and PS116 PTA,106.0,007800,Point,,17.0,bit.ly/StVartanCompost
Manhattan,4.0,Dag Hammarskjold Plaza Drop-Off,40.7519721,"Dag Hammarskjold Plaza, E 47th Street, between 1st & 2nd Ave Located at the end of the plaza, behind the cafe. Look for the orange sign and green bins.",-73.9682424,Turtle Bay-East Midtown,"Note: no meat, bones, or dairy. Learn more at bit.ly/compostDHP",143,Wednesdays 8:30AM - 3:00PM,Year Round,Friends of Dag Hammarskjold Plaza,106.0,009000,Point,,17.0,hammarskjoldplaza.org
Brooklyn,47.0,Avenue X at West Street,40.590444,"SW corner of Avenue X and West Street, in front of Rite Aide, across from P.S.216",-73.970333,Gravesend,"Not accepted: meat, bones, or dairy",142,Tuesdays 1:30 PM - 3:00 PM,Year Round,NYC Compost Project Hosted by LES Ecology Center,315.0,037402,Point,,61.0,https://www.lesecologycenter.org/programs/compost/compost-drop-off-locations/
Brooklyn,47.0,Bay Parkway at 86th Street,40.6022147,Near NE corner of Bay Parkway and 86th Street (Off Bay Parkway D Subways station between 85th and 86th Streets),-73.9938325,Bensonhurst West,"Not accepted: meat, bones, or dairy",141,Tuesdays 10:30 AM - 1:30 PM,Year Round,NYC Compost Project Hosted by LES Ecology Center,311.0,029000,Point,,62.0,https://www.lesecologycenter.org/programs/compost/compost-drop-off-locations/
Brooklyn,47.0,PS 90 Coney Island,40.5782545,"2840 W 12th Street, Brooklyn, NY 11224",-73.979703,West Brighton,"Not accepted: meat, bones, or dairy",140,Wednesdays 7:30 AM - 10:30 AM,Year Round,PS 90 Coney Island,313.0,035000,Point,,60.0,NA
Queens,28.0,Paradise Garden,40.69056,"107-31 Inwood St, Queens, NY 11435",-73.80395,South Jamaica,"Not accepted: meat, bones, or dairy",139,Saturdays 9:30 AM - 2:00PM,Year Round,Paradise Garden,412.0,019800,Point,,103.0,NA
Queens,24.0,King Manor Museum,40.70216,"150-03 Jamaica Ave, Jamaica, NY 11432",-73.80445,Jamaica,"Not accepted: meat, bones, or dairy.",138,Fridays 10:00AM - 4:00PM; Saturdays 9:30AM - 2:30PM,Year Round,King Manor Museum,412.0,024000,Point,,103.0,https://www.kingmanor.org/
Queens,24.0,Briarwood CSA,40.7100076,"85-12 Main St, Briarwood, NY 11435",-73.8194271,Briarwood-Jamaica Hills,"Not accepted: meat, bones, or dairy",137,Sundays 8 AM - 10 AM,June13 - November 14,Volunteers at Briarwood CSA,408.0,022001,Point,,107.0,www.briarwoodcsa.org
Queens,24.0,Kehilat Sephardim Food Pantry,40.72087,"15062 78th Rd, Queens, NY 11367",-73.81152,Kew Gardens Hills,"Not accepted: meat, bones, or dairy",136,Sundays 9:00 AM - 2:00 PM,Year Round,Kehilat Sephardim Food Pantry,408.0,077904,Point,,107.0,NA
Queens,30.0,Glendale Community Garden,40.707547,"74-10 88th St, Glendale, NY 11385",-73.864884,Glendale,"Not accepting: meat, bones, or dairy",135,Saturdays & Sundays 11:00AM - 4:00PM,Year Round,Volunteers at Glendale Community Garden,405.0,063700,Point,,104.0,NA
Manhattan,9.0,127th Street Learning Annex,40.8095063,128 West 127th Street,-73.9460129,Central Harlem North-Polo Grounds,"Not accepted: meat, bones, or dairy",134,24/7,Year Round,Harlem Grown,110.0,022400,Point,,28.0,www.harlemgrown.org/volunteer
Manhattan,9.0,William B. Washington Memorial Garden,40.81137,"321 West 126th Street, New York, NY 10027",-73.95155,Central Harlem North-Polo Grounds,"Staffed on Fridays, 8am-12pm. Outside of staffed hours brown bins are locked to the garden gate",133,24/7,Year Round,GrowNYC & Volunteers at William B. Washington Memorial Garden,110.0,021500,Point,,28.0,NA
Manhattan,9.0,134th Street Farm,40.8138017,118 W 134th St,-73.9428691,Central Harlem North-Polo Grounds,"Not accepted: meat, bones, or dairy",132,24/7,Year Round,Harlem Grown,110.0,022600,Point,,32.0,www.harlemgrown.org/volunteer
Manhattan,9.0,Abyssinian Tot Lot,40.817313,"130 W 139th St, New York, NY 10030",-73.940812,Central Harlem North-Polo Grounds,"Not accepted: meat, bones, or dairy. Closed on all federal holidays. Drop off directly in the pallet compost bin inside the garden.",131,Tuesdays and Thursdays 9:00AM - 5:00PM,Year Round,Plant Group,110.0,023000,Point,,32.0,www.plantgroupnyc.com
Brooklyn,45.0,Wyckoff Farmhouse Museum,40.64451,"5816 Clarendon Rd, Brooklyn, NY 11203",-73.92038,Rugby-Remsen Village,NA,130,"Everyday, Dawn-Dusk",Year Round (except February),Staff at Wyckoff Farmhouse Museum,317.0,094600,Point,,67.0,Wyckoff Farmhouse Museum
Queens,29.0,Kew Gardens CSA,40.70888,"Kew Gardens Cinemas Park  Austin St. off of Lefferts Blvd Queens, NY 11415",-73.82917,Kew Gardens,"Not accepted: meat, bones, or dairy",129,Sunday 8:30 AM - 10:30 AM,Year Round,"Kew Gardens CSA, sponsored by Kew Gardens Cinemas",409.0,013600,Point,,102.0,kewgardenscsa.org
Queens,29.0,Forest Hills Green Team Hosted by MacDonald Park,40.722218,MacDonald Park,-73.846925,Forest Hills,"Not accepted: grains, bread, meat, bones, or dairy",128,Sundays 10:00 AM - 1:00 PM,April - January,Forest Hills Green Team,406.0,071100,Point,,112.0,www.facebook.com/groups/foresthillsgreenteam
Queens,29.0,The Compost Collective,40.71645,"The corner of Yellowstone Blvd, and Kessel Street Forest Hills, NY 11375",-73.85778,Rego Park,"Not accepted: meat, bones, or dairy",127,Saturdays 12:00PM - 2:00PM,Year Round (Except February),The Compost Collective,406.0,070300,Point,,112.0,https://www.facebook.com/pg/thecompostcollective/about/?ref=page_internal
Queens,20.0,Queens Botanical Garden Public Food Scrap Drop-Off,40.75159,"Parking Garden at QBG 42-80 Crommelin Avenue, Flushing, NY 11355",-73.82981,Flushing,"Not accepted: meat, bones, or dairy",126,Every day 8:00AM - 5:00PM,Yea Round,NYC Compost Project Hosted by Queens Botanical Garden,407.0,079702,Point,,109.0,NA
Brooklyn,40.0,Maple Street Community Garden,40.66085,"237 Maple St, Brooklyn, NY 11225",-73.95283,Prospect Lefferts Gardens-Wingate,"Not accepted: meat, bones, or dairy",125,Wednesdays and Saturdays 10:30AM - 12:30PM,Year Round,Maple Street Community Garden,309.0,080000,Point,,71.0,https://www.facebook.com/maplestreetcommunitygarden/
Brooklyn,40.0,Cortelyou Greenmarket,40.641438,Argyle Rd and Cortelyou Rd,-73.966333,Flatbush,"Not accepted: meat, bones, or dairy",124,Sundays 9:00AM - 1:00PM,Year Round,GrowNYC,314.0,152200,Point,,70.0,NA
Brooklyn,40.0,Q Gardens,40.649778,"58 E 18th St, Brooklyn, NY 11226",-73.963194,Flatbush,"Not accepted: meat, bones, dairy, or oil",123,Fridays + Saturdays all day; Sundays from dusk until 4:00PM,Year Round,Q Gardens,314.0,050600,Point,,70.0,https://qgardenscf.com/places-to-drop-off-your-compost/
Manhattan,7.0,Maggie's Garden,40.8285158,564 W 149th St,-73.9481163,Hamilton Heights,"Not accepted: meat, bones, or dairy",122,Sundays 11 AM- 1 PM,April-October,Maggie's Garden,109.0,023300,Point,,30.0,NA
Manhattan,7.0,Jenny's Garden,40.823225,699 West 138th Street,-73.95617,Hamilton Heights,WEATHER PERMITTING! Check IG/FB for weekend updates.  Please DO NOT leave bags of food scraps by gate when the garden is closed.  Remember to remove produce stickers.,121,Saturdays & Sundays 11:00AM - 1:00PM,Year Round,Jenny's Garden,109.0,022500,Point,,30.0,https://www.instagram.com/jennysgarden138/
Manhattan,7.0,Frank White Memorial Garden,40.824235,"506 West 143rd Street, New York, NY 10031",-73.9500017,Hamilton Heights,Garden staff will be available for questions or concerns from 10am-6pm.,120,24/7,Year Round,Brotherhood Sister Sol,109.0,022900,Point,,30.0,www.brotherhood-sistersol.org
Manhattan,7.0,97th Street Greenmarket,40.794717,W 97th St and Amsterdam Ave,-73.969552,Upper West Side,"Not accepted: meat, bones, or dairy",119,Fridays 8:00AM - 12:30 PM,Year Round,GrowNYC,107.0,018500,Point,,24.0,https://www.grownyc.org/greenmarket/manhattan/west-97
Manhattan,6.0,79th St. Greenmarket,40.780087,77th Street between Columbus Ave and Central Park West,-73.974657,Upper West Side,"Not accepted: meat, bones, or dairy",118,Sundays 9:00AM - 3:00PM,Year Round,GrowNYC,107.0,016500,Point,,20.0,NA
Staten Island,49.0,Staten Island Urban Center,40.6369271,208 Bay Street,-74.0767091,Stapleton-Rosebank,"Not accepted: meat, bones, dairy",117,Saturdays 11:00 AM - 1:30 PM,April - October,Staten Island Urban Center,501.0,002100,Point,,120.0,www.siurbancenter.org
Staten Island,49.0,Olivet Heavenly Harvest,40.63034,"97 Myrtle Avenue, Staten Island, NY",-74.11616,New Brighton-Silver Lake,"Not accepted: grains, bread, meat, or dairy",116,Saturdays 10:00AM - 2:00PM,March - November,Olivet Heavenly Harvest,501.0,010500,Point,,120.0,olivetheavenlyharvest.com
Staten Island,49.0,H.E.A.L.T.H for Youths Skyline Community Garden,40.639901,1 Clyde Place,-74.0902865,West New Brighton-New Brighton-St. George,"Not accepted: meat, bones, or dairy",115,Saturdays 10:00AM - 11:00AM,Year Round,H.E.A.L.T.H for Youths Skyline Community Garden,501.0,007700,Point,,120.0,www.health4youths.org
Staten Island,49.0,St. George Greenmarket,40.641967,St. Marks Pl and Hyatt St,-74.077928,West New Brighton-New Brighton-St. George,"Not accepted: meat, bones, or dairy",114,Saturdays 8:00AM - 12:00PM,Year Round,NA,501.0,000300,Point,,120.0,NA
Staten Island,49.0,Compost Demonstration Site at Snug Harbor Cultural Center & Botanical Garden,40.641619,Compost Demonstration Site at Snug Harbor Cultural Center & Botanical Garden 1000 Richmond Terrace,-74.1012686,West New Brighton-New Brighton-St. George,NA,113,Thursdays 9:00AM - 2:30PM,Year Round,NYC Compost Project Hosted by Snug Harbor Cultural Center & Botanical Garden,501.0,009700,Point,,120.0,Snug Harbor Cultural Center & Botanical Garden
Manhattan,3.0,Mathews-Palmer Park,40.76113,"437 W 45 St, New York, NY 10036",-73.99292,Clinton,"Please register to participate at bit.ly/HKcompost Setup is inside the park gate, under the mosaic panels, to the right of the park house door. Lids must remain closed and all food scraps must be placed INSIDE the bins",112,"Open during all park hours, typically dawn-dusk",Year Round,Mathews-Palmer Park,104.0,012100,Point,,18.0,NA
Manhattan,3.0,Hudson River Park Pier 96 Boathouse at W 55 St,40.771,Park Pier 96 Boathouse at W 55 St,-73.995372,Clinton,"Not accepted: meat, bones, or dairy",111,Every day 7:00AM - 7:00PM,Year Round,Staff at Hudson River Park,104.0,013500,Point,,18.0,https://hudsonriverpark.org/the-park/sustainability/community-compost-program/
Manhattan,3.0,Hudson River Park's Pier 84 at W. 44th St.,40.76346,Pier 84 at W. 44th St. near dog park,-74.00025,Clinton,"Not accepted: meat, bones, or dairy",110,Every day 7:00 am - 7:00 pm,Year Round,Staff at Hudson River Park,104.0,012900,Point,,18.0,https://hudsonriverpark.org/the-park/sustainability/community-compost-program/
Manhattan,3.0,Abingdon Sq. Greenmarket,40.737472,W 12th St and 8th Ave,-74.005095,West Village,"Not accepted: meat, bones, or dairy",109,Saturdays 8:00AM - 2:00PM,Year Round,GrowNYC,102.0,007700,Point,,6.0,NA
Manhattan,3.0,Christopher Park,40.733536,"West 4th Street b/w Christopher St and Grove St., west side of Christopher Park",-74.002663,West Village,"Not accepted: meat, bones, or dairy",108,Wednesdays 9:00AM - 2:00PM,Year Round,NYC Compost Project Hosted by LES Ecology Center,102.0,007100,Point,,6.0,https://www.lesecologycenter.org/programs/compost/compost-drop-off-locations/
Manhattan,3.0,Hudson River Park Pier 46 at Charles St,40.734225,Pier 46 at Charles St,-74.010722,West Village,"Not accepted: meat, bones, or dairy",107,Every day 7:00AM - 7:00PM,Year Round,Staff at Hudson River Park,102.0,007500,Point,,6.0,https://hudsonriverpark.org/the-park/sustainability/community-compost-program/
Manhattan,3.0,Hudson River Park's Pier 51 at Horatio St.,40.738228,Pier 51 at Horatio St. near playground,-74.0104549,West Village,"Not accepted: meat, bones, or dairy",106,Every day 7:00AM - 7:00PM,Year Round,Staff at Hudson River Park,102.0,007900,Point,,6.0,https://hudsonriverpark.org/the-park/sustainability/community-compost-program/
Manhattan,3.0,Hudson River Park's Pier 40 at W. Houston St.,40.7298117,Pier 40 at Houston St. near dog park,-74.0110087,West Village,"Not accepted: meat, bones, or dairy.",105,Every day 7:00AM - 7:00PM,Year Round,Staff at Hudson River Park,102.0,006900,Point,,6.0,https://hudsonriverpark.org/the-park/sustainability/community-compost-program/
Manhattan,5.0,East 96th Street Food Scrap Drop-off,40.785792,96th St & Lexington Ave,-73.950833,Upper East Side-Carnegie Hill,"Not accepted: meat, bones, or dairy",104,Fridays 7:30AM - 11:30AM,Year Round,GrowNYC,108.0,015801,Point,,19.0,NA
Manhattan,8.0,Rodale Pleasant Park Community Garden,40.7942659,"437 E 114th St, New York, NY 10029",-73.9344142,East Harlem North,"Compost volunteer workdays are every Friday 3pm-6pm. To volunteer, email flosparks0306@gmail.com.",103,24/7,Everyday,Rodale Pleasant Park Community Garden,111.0,017800,Point,,23.0,NA
Manhattan,8.0,Lydia's Magic Garden,40.80014,"1665 Park Avenue, Manhattan 10035 between 117th and 118th Streets",-73.94232,East Harlem North,"Bring food scraps inside the garden to place in the compost tumbler. Not accepted: meat, bones, or dairy.",102,Sunday: 3-4 PM; Monday: 1-2 PM; Tuesday 1-2 PM; Wednesday: 1-2 PM; Friday: 8-9 AM,Year Round,Lydia's Magic Garden,111.0,018200,Point,,25.0,https://www.facebook.com/lydiasmagicgarden/
Manhattan,8.0,Pleasant Village Community Garden,40.79667,"342 Pleasant Ave., New York, NY 10035",-73.93172,East Harlem North,NA,101,"Everyday, Dawn-Dusk",Year Round,Volunteers at Pleasant Village Community Garden,111.0,017800,Point,,25.0,http://facebook.com/pleasantvillagecommunitygarden
Bronx,16.0,170 Farm Stand,40.840005,Corner of East 170th Street and Townsend Avenue,-73.916636,West Concourse,"Remove all plastic, stickers, and zip ties before dropping off food scraps",100,"Wednesday, 2:30-5:00pm",July 14th - November 24th,New Settlement's Community Food Action Program,204.0,022300,Point,,44.0,www.newsettlement.org
Bronx,8.0,Target Bronx Community Garden,40.83316,1024 Woodycrest Avenue,-73.92728,Highbridge,"Not accepted: meat, bones, or dairy",99,Mondays 10:00AM - 5:00PM,Year Round,Target Bronx Community Garden,204.0,018900,Point,,44.0,www.targetbronxcommunitygarden.org
Bronx,17.0,New Roots Community Farm,40.82135,"670 Grand Concourse, The Bronx, NY 10451",-73.92506,East Concourse-Concourse Village,"Not accepted: meat, bones, or dairy",98,Fridays 8:00AM - 12:00PM,Year Round,GrowNYC,204.0,005902,Point,,44.0,grownyc.org/compost
Bronx,17.0,Kelly Street Garden,40.820124,"924 Kelly St, The Bronx, NY 10459",-73.895674,Longwood,NA,97,Saturdays 10:00AM - 2:00PM,Year Round,Volunteers at Kelly Street Garden,202.0,008700,Point,,41.0,https://www.facebook.com/kellyst.garden/
Bronx,17.0,Synergi Urban Farm 2.0,40.82914,"1211 Hoe Ave, Bronx, NY 10459",-73.89114,Morrisania-Melrose,"Not accepted: meat, bones, or dairy. Please chop and freeze your scraps when possible. Be prepared to empty your food  scraps into a bin. Try and bring your scraps in a brown paper bag instead of plastic.",96,Saturdays 1:00PM - 3:00PM,Year Round,GreenFeen OrganiX,203.0,012500,Point,,42.0,https://www.facebook.com/holisticsynergi/
Bronx,8.0,Friends of Brook Park Community Garden,40.8097074,"494 E 141st St, The Bronx, NY 10454",-73.9185797,Mott Haven-Port Morris,NA,95,Saturdays & Sundays from 10:00AM - 4:00PM,Year Round,Volunteers at Friends of Brook Park Community Garden,201.0,003900,Point,,40.0,NA
Bronx,17.0,Lincoln Hospital Greenmarket,40.817685,149th St between Park Ave and Morris Ave,-73.924225,Melrose South-Mott Haven North,"Not accepted: meat, bones, or dairy",94,Fridays 8:00AM - 12:00PM,June 25 - November 19,GrowNYC,201.0,006500,Point,,40.0,https://www.grownyc.org/greenmarket/bronx/lincoln-hospital-fr
Bronx,17.0,Bronx River House / Starlight Park,40.8328527,1490 Sheridan Blvd,-73.8830803,Crotona Park East,"Not accepted: meat, bones, or dairy",93,Fridays 9 AM - 11 AM,Year Round,www.bronxriver.org,209.0,015700,Point,,43.0,Bronx River Alliance
Bronx,15.0,La Familia Verde Farmer's Market,40.846468,Tremont Ave between LaFontaine and Arthur Ave (Tremont Park),-73.894107,Claremont-Bathgate,"Not accepted: meat, bones, or dairy. Visit the Center Farm stand to drop off your food scraps.",92,Tuesdays 8:00AM - 2:00PM,"July- November 17, 2020",Volunteers at La Familia Verde Farmers Market,206.0,039500,Point,,48.0,http://www.lafamiliaverde.org/
Bronx,15.0,Fordham Plaza Greenmarket,40.861152,E Fordham Rd between Webster Ave & Third Ave,-73.890783,Claremont-Bathgate,"Not accepted: meat, bones, or dairy",91,Fridays 8:00 AM - 11:30 AM,Year Round,GrowNYC,206.0,038500,Point,,48.0,https://www.grownyc.org/greenmarket/bronx/fordham
Bronx,15.0,Garden of Happiness,40.848613,"2144F Prospect Ave, The Bronx, NY 10460",-73.884999,East Tremont,"Not accepted: Meat, bones, or dairy. Bin will be placed near the front entrance a mask must be worn when entering the Garden.",90,Monday-Friday 10:00AM - 4:00PM,April - November,Volunteers at Garden of Happiness,206.0,037100,Point,,48.0,http://www.lafamiliaverde.org/
Bronx,15.0,Garden of Youth,40.849329,"Corner of 182 St and Prospect Ave, Bronx, NY 10457",-73.885159,East Tremont,"Not accepted: meat, bones, dairy. Bin will be placed at the side entrance on 182nd. Mask must be worn when entering the garden.",89,Tuesday-Saturday 10:00AM - 4:00PM,April - November,Volunteers at Garden of Youth,206.0,037100,Point,,48.0,NA
Bronx,17.0,Mary Mitchell Family & Youth Center,40.844901,"2007 Mapes Ave, Bronx, NY 10460",-73.887287,East Tremont,"Not accepted: meat, bones, dairy",88,Mondays - Fridays 9:00AM - 5:00PM,Year Round,Mary Mitchell Family & Youth Center,206.0,037100,Point,,48.0,http://themarymitchellfyc.org/
Bronx,17.0,Drew Gardens,40.839897,"1070 East Tremont Avenue. between Bronx Street and, Boston Rd, The Bronx, NY 10460",-73.879181,Crotona Park East,NA,87,"Mondays, Wednesdays, and Fridays from 4:00PM - 7:00PM",Year Round,Volunteers at Drew Gardens,206.0,006000,Point,,48.0,https://www.facebook.com/drewgardens.educationalrecreational
Bronx,11.0,Praxis Housing,40.89683,4339 White Plains Road,-73.85594,Woodlawn-Wakefield,"Not accepted: meat, bones, or dairy. Enter through rear gate to drop off food scraps in brown bins",86,Fridays 9:00AM - 1:00PM,Year Round,Staff at Praxis Housing,212.0,041800,Point,,47.0,https://www.praxishousing.org
Bronx,11.0,OPEN FOR THE SEASON: Riverdale Y Sunday Market,40.8918241,4545 Independence Ave,-73.912916,North Riverdale-Fieldston-Riverdale,"Not accepted: meat, bones, or dairy",85,Sundays 11:30 AM - 12:30PM,April - December,Riverdale Y Sunday Market Volunteers,208.0,030900,Point,,50.0,NA
Bronx,11.0,Mediator's Composting Initiative,40.879849,"260 West 231 Street Bronx, NY 10463",-73.906856,Spuyten Duyvil-Kingsbridge,"Donation: 25 cents per pound. Drop off location is by Bx7, Bx10, BX1 bus stop.",84,Saturdays 10:00AM - 12:00PM,Year Round,The Earth Ministry of The Church of The Mediator,208.0,028900,Point,,50.0,https://www.instagram.com/mediator_garden_and_composting/
Bronx,14.0,Kingsbridge Heights Community Center:,40.877299,"3101 Kingsbridge Terrace, Bronx NY 10463",-73.900709,Van Cortlandt Village,"There will be a wheelbarrow/table in the upper garden for collection. Not accepted: meat, bones, dairy, or grains.",83,Wednesdays 12:00PM - 2:00PM,Year Round,Staff at Kingsbridge Heights Community Center,208.0,027700,Point,,50.0,www.khcc-nyc.org
Bronx,11.0,Van Cortlandt Park Alliance Farm Stand,40.884517,Orloff Avenue and Gale Place,-73.8898591,Van Cortlandt Village,"Remove all plastic, stickers and zip ties before dropping off food scraps. Not accepted: grains, dairy, or meat",82,Wednesdays 2 PM - 4 PM,June - October,Van Cortlandt Park Alliance,208.0,028100,Point,,50.0,vancortlandt.org
Bronx,11.0,Mosholu Preservation,40.87896,3400 Reservoir Oval East,-73.87585,Norwood,"Not accepted: meat, bones, or dairy",81,Every day 9:00AM - 8:00PM,Year Round,Friends of Mosholu Parkland,207.0,042300,Point,,52.0,www.mpcbronx.org
Bronx,11.0,James Baldwin Outdoor Learning Center,40.88207,"100 W Mosholu Pkwy S, The Bronx, NY 10468",-73.88825,Van Cortlandt Village,Site entrance is on the Goulden Ave side of campus,80,Saturdays 10 am - 2 pm,Year Round,Volunteers at James Baldwin Outdoor Learning Center,207.0,040900,Point,,52.0,https://www.jamesbaldwinoutdoorlearningcenter.org/
Bronx,11.0,Lehman College,40.874223,"250 Bedford Park Blvd W, Bronx, NY 10468 (at Gate 8 between Bedford Park Blvd West and Paul Avenue)",-73.892117,Van Cortlandt Village,No drop-offs on Holidays when campus is closed,79,Mondays 9:00AM - 12:00PM,Year Round,Volunteers at Lehman College,207.0,040900,Point,,52.0,NA
Brooklyn,35.0,Fort Greene Greenmarket,40.69288,Washington Park and Myrtle Ave,-73.97391,Fort Greene,"Not accepted: meat, bones, or dairy",78,Saturdays 9:00AM - 1:00PM,Year Round,GrowNYC,302.0,003100,Point,,88.0,https://www.grownyc.org/greenmarket/brooklyn/fort-greene
Brooklyn,35.0,Prospect Heights Community Farm,40.67811,"252-256 St Marks Ave, Brooklyn, NY 11238",-73.96762,Prospect Heights,"Not accepted: meat, bones, or dairy",77,Sundays 10:00AM - 1:00PM,Year Round,Prospect Heights Community Farm,308.0,020500,Point,,77.0,https://www.phcfarm.com/2020/07/23/compost-capacity-expanded/
Brooklyn,35.0,Crown Heights Food Scrap Drop-off Site,40.670745,Franklin Avenue & Eastern Parkway,-73.957743,Crown Heights North,"No meat, fish, or Dairy. No BPI-Certified Plastic Products.",76,"Wednesdays, 8:30-11:30AM",Year-Round,GrowNYC,308.0,021900,Point,,77.0,https://www.grownyc.org/compost
Brooklyn,35.0,Walt L Shamel Community Garden,40.67744,"1097 Dean St, Brooklyn, NY 11216",-73.953657,Crown Heights North,"No potting soil, meat, or dairy",75,Saturdays and Sundays 12:00PM - 2:00PM,mid-March - end of January,Volunteers at Walt L. Shamel Community Garden,308.0,022100,Point,,77.0,https://www.facebook.com/WaltLShamelCommunityGarden/
Brooklyn,36.0,1100 Bergen Street Community Garden,40.67629,"1107 Bergen Street, Brooklyn, NY 11216",-73.94925,Crown Heights North,"Meat, bones, and dairy not accepted.",74,"Mondays, 5-7PM",April-November,Volunteers at 1100 Bergen Street Community Garden,308.0,031500,Point,,77.0,https://bqlt.org/garden/1100-block-bergen-st-community-garden
Brooklyn,36.0,Imani Community Garden,40.67623,"87-91 Schenectady Ave, Brooklyn, NY 11213",-73.93295,Crown Heights North,"Not accepted: meat, bones, or dairy",73,Wednesdays 8:00AM - 10:00AM; Saturdays 11:00AM - 1:00PM,Year Round,Imani Community Garden,308.0,030900,Point,,77.0,https://www.facebook.com/Imani-Garden-168006109999475/
Brooklyn,36.0,Bed Stuy Fresh Food Box,40.68133,Decatur St and Lewis Ave,-73.93481,Stuyvesant Heights,"Not accepted: meat, bones, or dairy",72,Saturdays 11:00AM - 3:00PM,Year Round,GrowNYC,303.0,027300,Point,,81.0,https://www.grownyc.org/foodbox/Bed-Stuy
Brooklyn,36.0,Lafayette Garden,40.692405,"1035 Lafayette Ave, Brooklyn, NY 11221",-73.930433,Stuyvesant Heights,NA,71,"Thursdays, 1:00 PM-4:00 PM",Year Round,Volunteers at Lafayette Garden,303.0,028900,Point,,81.0,https://lafayettegarden933021902.wordpress.com/
Brooklyn,38.0,Rappaport Playground,40.636583,NW corner of Fort Hamilton Pkwy and 53rd Street,-74.000556,Borough Park,"Not accepted: meat, bones, or dairy",70,Tuesdays 10 AM - 3 PM,Year Round,NYC Compost Project Hosted by LES Ecology Center,312.0,011600,Point,,66.0,https://www.lesecologycenter.org/programs/compost/compost-drop-off-locations/
Brooklyn,39.0,Christ Church Community Compost,40.68596,326 Clinton Street,-73.99701,Carroll Gardens-Columbia Street-Red Hook,"Only accepting fruits, vegetables, coffee, tea, and nuts",69,Sundays from 9:00AM-10:00AM; Wednesdays from 7:00PM-8:00PM,Year Round,Volunteers at Christ Church,306.0,006700,Point,,76.0,www.christchurchcobblehill.net
Brookyln,39.0,Carroll Gardens Greenmarket,40.679954,Smith St and 1st Pl,-73.99517,Carroll Gardens-Columbia Street-Red Hook,"Not accepted: meat, bones, or dairy",68,Sundays 8:00AM - 12:00PM,Year Round,GrowNYC,306.0,007700,Point,,76.0,NA
Brooklyn,35.0,Prospect Heights Food Scrap Drop-off Site,40.67741,Park Place & Carlton Ave,-73.972226,Prospect Heights,"No Meat, Bones, Dairy. No BPI-Certified Plastic Products.",67,"Thursdays, 8-11AM",Year-Round,GrowNYC,308.0,016300,Point,,78.0,https://www.grownyc.org/compost
Brooklyn,39.0,Gowanus Salt Lot,40.67541,"2 2nd Ave, Brooklyn, NY 11215",-73.99128,Park Slope-Gowanus,"Not accepted: meat, bones, dairy, or oil",66,24/7,Year Round,NYC Compost Project Hosted by Big Reuse,306.0,011900,Point,,78.0,NA
Brooklyn,39.0,Nurture BK,40.654917,"Prospect Park, West of the entrance on Parkside Av (& Ocean Av)",-73.962083,park-cemetery-etc-Brooklyn,"Not accepted: Meat, bones, dairy, or oil",65,Sundays 9:00AM - 11:00AM,Year Round,Nurture BK,355.0,017700,Point,,78.0,https://www.instagram.com/nurturebk_compost/
Brooklyn,38.0,Los Colibríes Community Garden,40.6547305,"219 34th Street, Brooklyn 11232",-74.0018481,Sunset Park West,"Not accepted: meat, bones, dairy",64,Sundays 11 AM - 4 PM,Year Round,Los Colibríes Community Garden,307.0,008400,Point,,72.0,https://www.facebook.com/jardin34/
Brooklyn,39.0,Prospect Farm,40.654139,"1194 Prospect Ave, Brooklyn, NY 11218",-73.976444,Windsor Terrace,NA,63,Wednesdays 5:00PM - 6:00PM; Saturdays 11:00AM - 12:00PM,Year Round,Prospect Farm,307.0,050202,Point,,72.0,https://prospectfarm.org/composting/
Brooklyn,39.0,OPEN FOR THE SEASON: East 4th Street Community Garden,40.6483066,"173 E 4th St, Brooklyn, NY 11218",-73.9772287,Windsor Terrace,NA,62,"Wednesdays 4:30 PM-6:30 PM, Saturdays 10:00 AM-1:00 PM, Sundays 10:00 AM - 12 PM","Seasonal, April - November 22",Members at East 4th Street Community Garden,307.0,050000,Point,,72.0,https://eastfourthstreetgarden.tumblr.com/
Manhattan,10.0,Inwood Greenmarket,40.870106,Seaman Ave and Isham St (N corner),-73.920792,park-cemetery-etc-Manhattan,"Not accepted: meat, bones, or dairy",61,Saturdays 8:00 AM - 12:00PM,Year Round,GrowNYC,112.0,029700,Point,,34.0,https://www.grownyc.org/greenmarket/manhattan/inwood
Manhattan,1.0,Battery Park City Authority Rockefeller Park,40.7183877,Lower level downstairs at corner of Chambers St and River Terrace,-74.0148782,Battery Park City-Lower Manhattan,"Not accepted: cooked foods, bread, grains, meat, or dairy",60,24/7,Year Round,Battery Park City Authority,101.0,031703,Point,,1.0,https://bpca.ny.gov/nature-and-sustainability/sustainability/
Manhattan,1.0,Battery Park City Authority Headquarters,40.7067584,75 Battery Place,-74.0171557,Battery Park City-Lower Manhattan,"Not accepted: cooked foods, bread, grains, meat, or dairy",59,24/7,Year Round,Battery Park City Authority,101.0,031704,Point,,1.0,https://bpca.ny.gov/nature-and-sustainability/sustainability/
Manhattan,1.0,Bowling Green Greenmarket,40.7046367,"Broadway at Battery Place, New York, NY 10004",-74.0137794,Battery Park City-Lower Manhattan,Accepted: All organics except pet waste,58,Tuesdays 8:00AM - 11:00 AM,Year Round,NYC Compost Project Hosted by Earth Matter NY,101.0,001300,Point,,1.0,NA
Manhattan,3.0,6th Ave & Spring St,40.7256282,6th Avenue & Spring Street -NE Corner,-74.003866,SoHo-TriBeCa-Civic Center-Little Italy,"Not accepted: Meat, bones, or dairy",57,Wednesdays 9:00AM - 2:00PM,Year Round,NYC Compost Project Hosted by LES Ecology Center,102.0,004900,Point,,1.0,https://www.lesecologycenter.org/programs/compost/compost-drop-off-locations/
Greenwich St. & Duane St,1.0,Tribeca Greenmarket,40.717424,Tribeca Greenmarket,-74.010793,SoHo-TriBeCa-Civic Center-Little Italy,NA,56,Saturdays 8:00AM - 1:00PM,Year Round,GrowNYC,101.0,003900,Point,,1.0,NA
Manhattan,1.0,Hudson River Park's Pier 25 at N. Moore St.,40.7202214,Pier 25 at N. Moore St. near kid's playground,-74.0130151,SoHo-TriBeCa-Civic Center-Little Italy,"Not accepted: meat, bones, or dairy",55,Every day 7:00AM - 7:00PM,Year Round,Staff at Hudson River Park,101.0,003900,Point,,1.0,https://hudsonriverpark.org/the-park/sustainability/community-compost-program/
Manhattan,1.0,Governors Island Zero Waste Stations,40.691403,Several locations throughout Governors Island,-74.019696,park-cemetery-etc-Manhattan,Accepted: All organics except pet waste,54,Check ferry schedule,May 1 - November 1,NYC Compost Project Hosted by Earth Matter NY,101.0,000500,Point,,1.0,NA
Manhattan,1.0,Governors Island Compost Learning Center,40.6871579,758 Enright Rd,-74.0201142,park-cemetery-etc-Manhattan,Accepted: All organics except pet waste,53,Saturdays and Sundays,May 1- November 1,NYC Compost Project Hosted by Earth Matter NY,101.0,000500,Point,,1.0,NA
Manhattan,1.0,Governors Island Soissons Ferry Landing,40.69281,Adjacent to Soissons Landing and Taco Vista,-74.0148306,park-cemetery-etc-Manhattan,Accepted: All organics except pet waste,52,When the island is open to the public (Check ferry schedule),May 1 - November 1,NYC Compost Project Hosted by Earth Matter NY,101.0,000500,Point,,1.0,www.earthmatter.org
Manhattan,3.0,8th Ave & 23rd St,40.745331,"West 23rd Street at 8th Avenue, North side of W 23rd Street, just east of 8th Avenue",-73.998272,Hudson Yards-Chelsea-Flatiron-Union Square,"Not accepted: meat, bones, or dairy",51,Wednesdays 9:00AM - 2:00PM,Year Round,NYC Compost Project Hosted by LES Ecology Center,104.0,009100,Point,,10.0,https://www.lesecologycenter.org/programs/compost/compost-drop-off-locations/
Manhattan,3.0,Hudson River Park Pier 66 at W 26 St,40.752222,Pier 66 at W 26 St,-74.008278,Hudson Yards-Chelsea-Flatiron-Union Square,"Not accepted: meat, bones, or dairy",50,Every day 7:00AM - 7:00PM,Year Round,Staff at Hudson River Park,104.0,009900,Point,,10.0,https://hudsonriverpark.org/the-park/sustainability/community-compost-program/
Manhattan,3.0,Hudson River Park's Pier 76 at W. 34th St.,40.756032,Pier 76 at 34th Street and 12th Ave outside of compost yard South of 34th St,-74.006046,Hudson Yards-Chelsea-Flatiron-Union Square,"Not accepted: meat, bones, or dairy",49,Every day 7:00 am - 7:00 pm,Year Round,Staff at Hudson River Park,104.0,009900,Point,,10.0,https://hudsonriverpark.org/the-park/sustainability/community-compost-program/
Manhattan,3.0,Hudson River Park's Chelsea Waterside Park at W. 23rd St.,40.7489842,Chelsea Waterside Park near the playground,-74.0071142,Hudson Yards-Chelsea-Flatiron-Union Square,"Not accepted: meat, bones, or dairy.",48,Every day 7:00AM - 7:00PM,Year Round,Staff at Hudson River Park,104.0,009900,Point,,10.0,https://hudsonriverpark.org/the-park/sustainability/community-compost-program/
Manhattan,3.0,Hudson River Park's 14th Street Park at 10th Ave.,40.742827,14th Street Park at southwest corner of 15th St. and 10th Ave,-74.0078384,Hudson Yards-Chelsea-Flatiron-Union Square,"Not accepted: meat, bones, or dairy",47,Every day 7:00 am - 7:00pm,Year Round,Staff at Hudson River Park,104.0,009900,Point,,10.0,https://hudsonriverpark.org/the-park/sustainability/community-compost-program/
Manhattan,4.0,9C Community Garden Composting,40.7288659,"E 9th St & Ave C - NE corner, next to Citibike station",-73.9742968,Stuyvesant Town-Cooper Village,"Not accepted: meat, bones, dairy, bread, or grains.",46,Tuesdays 9:00AM - 11:00AM; Saturdays 12:00PM - 3:00PM,Year Round,9C Community Garden Composting,106.0,004400,Point,,13.0,https://www.instagram.com/lescompost/
Manhattan,2.0,Union Square Greenmarket,40.73661,"E 17th St & Union Square E, New York, NY",-73.9893,Hudson Yards-Chelsea-Flatiron-Union Square,"Not accepted: meat, bones, or dairy",45,"Mondays, Wednesdays, Fridays, & Saturdays, 8:00 AM-5:00 PM",Year Round,NYC Compost Project Hosted by LES Ecology Center,105.0,005200,Point,,13.0,https://www.lesecologycenter.org/programs/compost/compost-drop-off-locations/
Manhattan,2.0,Tompkins Square Greenmarket,40.725995,"E 7th St & Avenue A, New York, NY 10009",-73.983207,East Village,"Not accepted: meat, bones, or dairy",44,Sundays 8:00AM - 5:00PM,Year Round,NYC Compost Project Hosted by LES Ecology Center,103.0,003200,Point,,9.0,https://www.lesecologycenter.org/programs/compost/compost-drop-off-locations/
Manhattan,2.0,1st Ave and  1st St,40.723183,First Avenue between Houston and First Street (West Side),-73.988622,East Village,"Not accepted: meat, bones, or dairy",43,Mondays 9:00AM - 2:00PM,Year Round,NYC Compost Project Hosted by LES Ecology Center,103.0,003602,Point,,9.0,https://www.lesecologycenter.org/programs/compost/compost-drop-off-locations/
Manhattan,2.0,Down to Earth Garden,40.7281,546 East 12th St,-73.979,Lower East Side,"We accept potted plants, clippings and flowers but please keep them separate from food scraps.",42,"Tuesdays:1:30-3:00pm, Thursday:3:30-6:00pm",Year Round,Down to Earth Garden,103.0,002800,Point,,9.0,downtoearthgarden.org/
Manhattan,1.0,East Broadway & Rutgers Street,40.714243,"East side of Rutgers St b/w East Broadway & Canal St, on the west side of Straus Sq",-73.990163,Lower East Side,"Not accepted: meat, bones, or dairy",41,Fridays 9:00AM - 2:00PM,Year Round,NYC Compost Project Hosted by LES Ecology Center,103.0,000600,Point,,7.0,https://www.lesecologycenter.org/programs/compost/compost-drop-off-locations/
Manhattan,1.0,Grand Street & Clinton Street,40.715889,Grand Street & Clinton Street,-73.986861,Lower East Side,"Not accepted: meat, bones, or dairy",40,Mondays 9:00AM - 2:00PM,Year Round,NYC Compost Project Hosted by LES Ecology Center,103.0,001401,Point,,7.0,https://www.lesecologycenter.org/programs/compost/compost-drop-off-locations/
Manhattan,2.0,East River Park Compost Yard,40.711055,East River Park Compost Yard,-73.978847,Lower East Side,"Not accepted: meat, bones, or dairy",39,"Everyday, Dawn-Dusk",Year Round,NYC Compost Project Hosted by LES Ecology Center,103.0,000202,Point,,7.0,https://www.lesecologycenter.org/programs/compost/compost-drop-off-locations/
Brooklyn,33.0,Vinegar Hill Community Garden,40.701501,"199 York St, Brooklyn, NY 11201",-73.98263,DUMBO-Vinegar Hill-Downtown Brooklyn-Boerum Hill,"Not accepted: meat, bones, or dairy",38,Sundays 11:00AM - 2:00PM,Year Round,Members of Vinegar Hill Community Garden,302.0,002100,Point,,84.0,https://groundcycle.org/
Brooklyn,33.0,Transmitter Park Drop-Off,40.72969819,2 Greenpoint Ave and West Street,-73.96019967,Greenpoint,"No meat, dairy, fish. No BPI Plastic Products accepted.",37,"Sunday, 11:30AM-1:00PM",Year Round,North Brooklyn Compost Project,301.0,056500,Point,,94.0,nbkcompost.org
Brooklyn,33.0,North Brooklyn Compost,40.724493,"Russell Street &, Nassau Ave, Brooklyn, NY 11222",-73.94375,Greenpoint,No oil,36,Sundays 10:00AM - 1:00PM,Year Round,North Brooklyn Compost,301.0,059100,Point,,94.0,https://www.instagram.com/nbkcompost/?hl=en
Brooklyn,33.0,McCarren Park Greenmarket,40.71974,N 12th St and Driggs Ave,-73.953394,North Side-South Side,"Not accepted: meat, bones, or dairy",35,Saturdays 8:00AM - 12:00PM,Year Round,GrowNYC,301.0,051900,Point,,94.0,https://www.grownyc.org/greenmarket/brooklyn/greenpoint-sa
Queens,25.0,St. James Compost,40.738332,"86-02 Broadway, Elmhurst, NY 11373",-73.8777581,Elmhurst,NA,34,Every day from 9:00AM - 6:00PM,Year Round,Volunteers at St. James Compost,404.0,047300,Point,,110.0,https://www.instagram.com/stjamescompost/
Brooklyn,42.0,UCC Youth Farm,40.66547,613 New Lots Avenue,-73.88668,East New York,"Not accepted: meat, bones, or dairy",33,24/7,June - November,East New York Farms,305.0,112400,Point,,75.0,https://ucceny.org/enyf/
Brooklyn,41.0,Farmers Garden,40.67465,1899 Bergen Street,-73.91823,Ocean Hill,"Not accepted: meat, bones, or dairy",32,Wednesdays & Sundays 11 AM - 2 PM,May - November,Volunteers at Farmers Garden,316.0,030300,Point,,73.0,NA
Brooklyn,42.0,Abib Newborn Learning Garden,40.6595266,"495 Osborn St, Brooklyn, NY 11212",-73.90591,Brownsville,"Not accepted: meat, bones, or dairy",31,Summer (July-August) Monday - Friday (9am - 4pm) Sunday (10am -2pm) 2 Saturdays a month (1-3pm),Year Round,Volunteers at Abib Newborn Learning Garden,316.0,092000,Point,,73.0,https://cityparksfoundation.org/learning-gardens/
Brooklyn,41.0,OPEN FOR THE SEASON: Howard Garden,40.6636288,750 Howard Avenue,-73.9190362,Brownsville,"Not accepted: grains, bread, meat, bones, or dairy",30,Fridays 9:00AM - 10:00AM,April - October,Howard Garden,316.0,089200,Point,,73.0,NA
Brooklyn,41.0,CLOSED FOR THE SEASON: Iso Student Farm,40.6674207,"514 Rockaway Avenue, Brooklyn, NY 11212",-73.9102833,Brownsville,NA,29,Fridays and Saturdays 9:00 AM-1:00 PM,"Seasonal, April-October",Volunteers at Isabahlia LOE Foundation,316.0,092400,Point,,73.0,http://www.isabahlialoeinc.org
Queens,25.0,Jackson Heights Greenmarket,40.753687,79th St and Northern Blvd,-73.886999,Jackson Heights,"Not accepted: meat, bones, or dairy",28,Sundays 9:00AM - 1:00PM,Year Round,GrowNYC,403.0,028500,Point,,115.0,NA
Queens,25.0,CLOSED FOR THE SEASON: Farm Spot CSA,40.754004,33-50 82nd street,-73.885483,Jackson Heights,"Not Accepted: meat, bones, or dairy",27,Thursdays 5:30PM - 8:30PM,May 1 - December 3,Volunteers at Farm Spot,403.0,028300,Point,,115.0,Farmspot.org
Queens,26.0,OPENING SOON: The Connected Chef,40.74387,49-09 5th Street and 49th Avenue,-73.9562,Hunters Point-Sunnyside-West Maspeth,"(OPENING SUNDAY 10/10) No meat, dairy, or fish.",26,"Sundays and Mondays, 9:00am-2:00pm",Year Round,The Connected Chef,402.0,000700,Point,,108.0,theconnectedchef.org
Queens,26.0,45th Street Composters,40.746199,"41-12 45th Street (45th St & Skillman Ave, Queens, NY 11104)",-73.919118,Hunters Point-Sunnyside-West Maspeth,"Not accepted: meat, bones, or dairy",25,9:30-12:30 or until capacity is reached*,Year Round,Volunteers at 45th Street Composters,402.0,018300,Point,,108.0,https://linktr.ee/45thstreetcomposters
Queens,26.0,Woodside Sunnyside Composting,40.75013,"38-63-38-1 50th St, Woodside, NY 11377",-73.91369,Hunters Point-Sunnyside-West Maspeth,NA,24,"Sundays	2:00 PM-5:00 PM (Switches to 4:00 PM Fall, Winter)",Year Round,Volunteers at Woodside Sunnyside Composting,402.0,016900,Point,,108.0,https://www.woodsidesunnysidecomposting.org/
Queens,26.0,Smiling Hogshead Ranch,40.7432328,"Pearson Pl & Skillman Ave, Queens, NY 11101",-73.9431336,Hunters Point-Sunnyside-West Maspeth,NA,23,"Every Day, Dawn-Dusk",Year Round,Volunteers at Smiling Hogshead Ranch,402.0,000100,Point,,108.0,www.smilinghogsheadranch.org
Queens,26.0,JH Scraps,40.750278,"35-20 69th Street, Jackson Heights, NY 11372",-73.89678,Jackson Heights,NA,22,"Saturdays, 11:00 AM-01:00 PM",Year Round,Volunteers at JH Scraps,402.0,029100,Point,,108.0,https://www.jhbg.org/2020/07/28/jh-scraps-reopens
Queens,26.0,"New Roots Community Garden, Queens",40.74325,Adjacent to 41-38 69th Street and Woodside Avenue,-73.8962,Woodside,"No meat, fish, or dairy accepted.",21,"Mondays, Thursdays, Saturdays, 10:00am-3:00pm",Year Round,New Roots Community Garden,402.0,026300,Point,,108.0,@newrootsqueens
Manhattan,5.0,Roosevelt Island Farmers Market,40.761833,"543 Main St, New York, NY 10044 (Good Shepherd Plaza)",-73.950139,Lenox Hill-Roosevelt Island,"Not accepted: meat, bones, and dairy",20,Saturdays 9:00AM - 2:00PM,Year Round,Haki Compost Collective,108.0,023801,Point,,114.0,https://www.instagram.com/hakicompost/
Queens,26.0,Commuter Composting at 21 St-Queensbridge F,40.7536858,NW Corner of 21st street at 41st Ave,-73.9422838,Queensbridge-Ravenswood-Long Island City,"Not accepted: meat, bones, or dairy",19,Tuesdays 8:00AM - 11:00AM,Year Round,NYC Compost Project Hosted by Big Reuse,401.0,003300,Point,,114.0,NA
Queens,26.0,Socrates Sculpture Park,40.768389,"Broadway & Vernon Blvd, Queens, NY 11106",-73.937,Queensbridge-Ravenswood-Long Island City,"Not accepted: meat, bones, dairy, or oil",18,Every day 9:00AM - dusk,Year Round,Socrates Sculpture Park,401.0,003700,Point,,114.0,socratessculpturepark.org
Queens,26.0,Moore-Jackson Cemetery/Garden,40.756149,"31-61 51st St, Woodside, NY 11377",-73.907915,Woodside,"Not accepted: meat, bones, or dairy",17,Saturdays 9:00AM - 12:00PM,Year Round,Members at Moore-Jackson Garden,401.0,029500,Point,,114.0,https://www.facebook.com/MooreJacksonNYC/
Queens,22.0,Astoria Pug: Hoyt,40.77538,"Northwest corner of Hoyt Avenue North and 21st Street, in a courtyard that?s officially called SITTING AREA",-73.92302,Steinway,"Not accepted: meat, bones, or dairy",16,Saturdays 9:00AM - 3:00PM,Year Round,Astoria Pug,401.0,009500,Point,,114.0,https://www.instagram.com/astoriapug/?hl=en
Queens,22.0,Astoria Pug: Ditmars,40.774194,Ditmars #1 Municipal Parking Field 22-18 33rd Street,-73.911611,Steinway,"Not accepted: meat, bones, dairy, or oil.",15,Saturdays 9:00AM - 3:45PM,Year Round,Astoria Pug,401.0,011500,Point,,114.0,https://www.instagram.com/astoriapug/?hl=en
Queens,22.0,Astoria Pug: Newtown,40.762667,"30-36 41st Street, Astoria, NY",-73.915111,Astoria,"Not accepted: meat, bones, or dairy",14,Fridays 10:00AM - 4:30PM,Year Round,Astoria Pug,401.0,014900,Point,,114.0,https://www.instagram.com/astoriapug/?hl=en
Queens,22.0,Astoria Pug: Steinway,40.764056,"38-12 30th Ave, Queens, NY 11103",-73.915722,Astoria,"Not accepted: meat, bones, dairy, or oil",13,24/7,Year Round,Astoria Pug,401.0,015500,Point,,114.0,https://www.instagram.com/astoriapug/?hl=en
Queens,22.0,Astoria Pug: Most Precious Blood,40.75914,"32-23 36th St, Queens, NY 11106",-73.92146,Astoria,"Not accepted: meat, bones, dairy, or oil",12,24/7,Year Round,Astoria Pug,401.0,005900,Point,,114.0,https://www.instagram.com/astoriapug/?hl=en
Queens,22.0,Astoria Pug: Broadway,40.761472,"32-11 31st St, Queens, NY 11106",-73.925611,Astoria,"Not accepted: meat, bones, dairy, or oil",11,Saturdays 9:00AM - 3:00PM,Year Round,Astoria Pug,401.0,005900,Point,,114.0,https://www.instagram.com/astoriapug/?hl=en
Queens,22.0,Hellgate Farm,40.7690324,"14-33 30th Drive, Long Island City, NY 11102",-73.9298265,Old Astoria,NA,10,"December-February: Saturdays & Sundays, 08:00 AM-08:00 PM;",Year Round,Staff at Hellgate Farm,401.0,007900,Point,,114.0,https://www.hellgatefarm.com/
Queens,23.0,Queens County Farm Museum,40.748406,"73-50 Little Neck Parkway, Queens, NY 11004",-73.721002,Bellerose,"Check Calendar of Events at queensfarm.org for dates when admission is charged (and compost site is not accessible without a ticket). *Farm-wide admission is charged for weekend events on 10-12 days each calendar year. Also, stop by the Farm Store to fi",9,Every Day 10:00 AM-04:00 PM,Year Round,Staff at Queens County Farm Museum,413.0,156700,Point,,105.0,http://queensfarm.org/
Queens,31.0,OPENING SOON:Spring Thyme Farm,40.65914,224th Street 147th Avenue,-73.75745,Springfield Gardens South-Brookville,"(OPENING 10/2) No meat, fish, dairy or BPI-Cert. Compostable Products accepted",8,"Saturdays, 9:30am-2:00pm",April-October,ST. PETER'S LUTHERAN CHURCH,413.0,069400,Point,,105.0,THEMIGHTYSTPETERS.ORG
Queens,31.0,Spring Thyme Farm,40.65914,224th Street 147th Avenue,-73.75745,Springfield Gardens South-Brookville,"No meat, fat, rice, grain, or pasta accepted.",7,Saturday 9:30am-2pm,April-October,St. Peter's Lutheran Church,413.0,069400,Point,,105.0,themightystpeters.org
Queens,31.0,Garden of Resilience,40.66392,"179-18 145th Dr, Jamaica, NY 11434",-73.76626,Springfield Gardens South-Brookville,"Not accepted: meat, bones, or dairy.",6,Saturdays 9:00AM - 1:00PM,Year Round,Volunteers at Garden of Resilience,413.0,032000,Point,,105.0,http://www.laurelton.nyc/resilience
Queens,31.0,Edgemere Farm,40.595012,"385 Beach 45th St, Far Rockaway, NY 11691",-73.7765544,Hammels-Arverne-Edgemere,NA,5,"Wednesdays-Fridays 10:00 AM-5:00 PM, Saturdays, 10:00 AM-3:00 PM",Year Round,Volunteers at Edgemere Farm,414.0,097204,Point,,101.0,http://www.edgemerefarm.org/
Brooklyn,33.0,Domino Park,40.714448,"15 River Street Brooklyn, NY 11249",-73.968049,North Side-South Side,"Accepting fruit, vegetables, Gound coffee, and bread. Currently not accepting fish & meat, citrus, compostable cutlery, sauces & oils.",4,"Mondays 10:00 AM-12:00 PM, Thursdays 6:00 PM-8:00 PM",Year Round,Staff at Domino Park,301.0,055100,Point,,90.0,http://www.dominopark.com/
Brooklyn,34.0,Sure We Can,40.705441,"219 McKibben Street, Brooklyn, NY 11206",-73.93882,Bushwick South,"Not accepted: Meat, bones, dairy, or oil",3,Mondays - Fridays 7:00AM - 5:00PM; Saturdays 7:00AM - 1:00PM,Year Round,Sure We Can,301.0,048500,Point,,90.0,http://www.surewecan.org/composting
Brooklyn,34.0,BK Rot,40.697694,"1309 Dekalb Ave, Brooklyn, NY 11221 (Know Waste Lands Community Garden)",-73.925806,Bushwick South,"Not accpepted: meat, dairy, oil, or pet waste",2,Sundays 12:00PM - 3:00PM,Year Round,BK Rot,304.0,042300,Point,,83.0,BKrot.org
Brooklyn,37.0,Bushwick Grows! Community Garden,40.697523,"1474 Gates Ave, Brooklyn, NY 11237",-73.913913,Bushwick North,NA,1,"Saturdays, 10:00 AM-01:00 PM","Seasonal, May-November",Volunteers at Bushwick Grows!,304.0,043300,Point,,83.0,https://www.riseboro.org
Staten Island,"51.0",Staten Island Mall Greenmarket,,"Staten Island Mall, Marsh Ave & Ring Rd, Staten Island, NY 10314",,Todt Hill-Emerson Hill-Heartland Village-Lighthouse Hill,"No meat, bones, or dairy accepted.","152","Saturdays, 8:30am-1pm",Seasonal (closing Dec 18),SHCC,"502.0",,,,"121.0",
Staten Island,"50.0",Grace Foundation,,460w Brielle Avenue,,Todt Hill-Emerson Hill-Heartland Village-Lighthouse Hill,"Not accepted: meat, bones, or dairy","151",Mondays 9 AM - 12 PM,Year Round,Grace Foundation,"502.0","018100",,,"122.0",graceofny.org
Brooklyn,"46.0",Genovesi Environmental Study Center,,"7151 Avenue T, Brooklyn, NY 11234",,Georgetown-Marine Park-Bergen Beach-Mill Basin,"Not accepted: meat, bones, or dairy","150",Mondays - Fridays 9 AM - 3 PM,Year Round,Genovesi Environmental Study Center,"318.0","069602",,,"63.0",https://www.schools.nyc.gov/learning/student-journey/experiential-learning/genovesi-environmental-study-center
Brooklyn,"43.0",4th Avenue Presbyterian Church,,"6753 4th Avenue, Brooklyn, NY 11220",,Bay Ridge,"Not accepted: meat, bones, or dairy","149",24/7,Year Round,4th Avenue Presbyterian Church,"310.0",,,,"68.0",
Bronx,"13.0",Einstein Community Garden,,Near 1975 Eastchester Road,,Pelham Parkway,"Drop items inside the blue barrel located in the garden. Remove all plastic, stickers, & ties. before dropping off food scraps. Not accepted: grains, meat, bones, or dairy.","148",Wednesdays 4 PM - 5 PM,Year Round,Volunteers at Einstein Community Garden,"211.0",,,,"49.0",
Bronx,"13.0",The Garden at Preston,,"2780 Schurz Ave, The Bronx, NY 10465 (Intersection of Schurz Avenue and Huntington Avenue)",,Schuylerville-Throgs Neck-Edgewater Park,"Not accepted: meat, bones, or dairy","147",Tuesdays 4 PM - 7 PM,Year Round,Northeast Bronx Farmers Market Project,"210.0","013200",,,"45.0",https://www.facebook.com/northeastbronxcommunityfarmersmarket/
Queens,"32.0",GallopNYC: Sunrise Stables,,"80-98 Linden Blvd, Howard Beach, NY 11414",,Lindenwood-Howard Beach,"Not accepted: meat, bones, or dairy","146",Saturdays 9:15 AM - 2:00 PM,Year Round,GallopNYC: Sunrise Stables,"410.0","006202",,,"106.0",http://gallopnyc.org/sunrise-stables
Queens,"19.0",St. Anastasia Roman Catholic Church,,"246-02 Northern Blvd; Enter the path to the right of the school yard to the student garden",,Douglas Manor-Douglaston-Little Neck,"Not accepted: meat, bones, or dairy","145","Fridays 8:00AM - 12:00PM; Saturdays 12:00PM - 12:30PM",Year Round,St. Anastasia Roman Catholic Church,"411.0","150701",,,"111.0",https://www.sta.nyc/
Manhattan,"4.0",St. Vartan Park,,St. Vartan Park  Near the 1st Ave. & E 36th St. entrance,,Murray Hill-Kips Bay,"Visit bit.ly/StVartanCompost or email CompostStVartan@gmail.com to volunteer. Not accepted: meat, bones, or dairy","144",Saturdays 10 AM - 4 PM,Year Round,Alliance for Kips Bay with PS281 Green Team and PS116 PTA,"106.0","007800",,,"17.0",bit.ly/StVartanCompost
Manhattan,"4.0",Dag Hammarskjold Plaza Drop-Off,,"Dag Hammarskjold Plaza, E 47th Street, between 1st & 2nd Ave Located at the end of the plaza, behind the cafe. Look for the orange sign and green bins.",,Turtle Bay-East Midtown,"Note: no meat, bones, or dairy. Learn more at bit.ly/compostDHP","143",Wednesdays 8:30AM - 3:00PM,Year Round,Friends of Dag Hammarskjold Plaza,"106.0","009000",,,"17.0",hammarskjoldplaza.org
Brooklyn,"47.0",Avenue X at West Street,,"SW corner of Avenue X and West Street, in front of Rite Aide, across from P.S.216",,Gravesend,"Not accepted: meat, bones, or dairy","142",Tuesdays 1:30 PM - 3:00 PM,Year Round,NYC Compost Project Hosted by LES Ecology Center,"315.0","037402",,,"61.0",https://www.lesecologycenter.org/programs/compost/compost-drop-off-locations/
Brooklyn,"47.0",Bay Parkway at 86th Street,,Near NE corner of Bay Parkway and 86th Street (Off Bay Parkway D Subways station between 85th and 86th Streets),,Bensonhurst West,"Not accepted: meat, bones, or dairy","141",Tuesdays 10:30 AM - 1:30 PM,Year Round,NYC Compost Project Hosted by LES Ecology Center,"311.0","029000",,,"62.0",https://www.lesecologycenter.org/programs/compost/compost-drop-off-locations/
Brooklyn,"47.0",PS 90 Coney Island,,"2840 W 12th Street, Brooklyn, NY 11224",,West Brighton,"Not accepted: meat, bones, or dairy","140",Wednesdays 7:30 AM - 10:30 AM,Year Round,PS 90 Coney Island,"313.0",,,,"60.0",
Queens,"28.0",Paradise Garden,,"107-31 Inwood St, Queens, NY 11435",,South Jamaica,"Not accepted: meat, bones, or dairy","139",Saturdays 9:30 AM - 2:00PM,Year Round,Paradise Garden,"412.0",,,,"103.0",
Queens,"24.0",King Manor Museum,,"150-03 Jamaica Ave, Jamaica, NY 11432",,Jamaica,"Not accepted: meat, bones, or dairy.","138","Fridays 10:00AM - 4:00PM; Saturdays 9:30AM - 2:30PM",Year Round,King Manor Museum,"412.0","024000",,,"103.0",https://www.kingmanor.org/
Queens,"24.0",Briarwood CSA,,"85-12 Main St, Briarwood, NY 11435",,Briarwood-Jamaica Hills,"Not accepted: meat, bones, or dairy","137",Sundays 8 AM - 10 AM,June13 - November 14,Volunteers at Briarwood CSA,"408.0","022001",,,"107.0",www.briarwoodcsa.org
Queens,"24.0",Kehilat Sephardim Food Pantry,,"15062 78th Rd, Queens, NY 11367",,Kew Gardens Hills,"Not accepted: meat, bones, or dairy","136",Sundays 9:00 AM - 2:00 PM,Year Round,Kehilat Sephardim Food Pantry,"408.0",,,,"107.0",
Queens,"30.0",Glendale Community Garden,,"74-10 88th St, Glendale, NY 11385",,Glendale,"Not accepting: meat, bones, or dairy","135",Saturdays & Sundays 11:00AM - 4:00PM,Year Round,Volunteers at Glendale Community Garden,"405.0",,,,"104.0",
Manhattan,"9.0",127th Street Learning Annex,,128 West 127th Street,,Central Harlem North-Polo Grounds,"Not accepted: meat, bones, or dairy","134",24/7,Year Round,Harlem Grown,"110.0","022400",,,"28.0",www.harlemgrown.org/volunteer
Manhattan,"9.0",William B. Washington Memorial Garden,,"321 West 126th Street, New York, NY 10027",,Central Harlem North-Polo Grounds,"Staffed on Fridays, 8am-12pm. Outside of staffed hours brown bins are locked to the garden gate","133",24/7,Year Round,GrowNYC & Volunteers at William B. Washington Memorial Garden,"110.0",,,,"28.0",
Manhattan,"9.0",134th Street Farm,,118 W 134th St,,Central Harlem North-Polo Grounds,"Not accepted: meat, bones, or dairy","132",24/7,Year Round,Harlem Grown,"110.0","022600",,,"32.0",www.harlemgrown.org/volunteer
Manhattan,"9.0",Abyssinian Tot Lot,,"130 W 139th St, New York, NY 10030",,Central Harlem North-Polo Grounds,"Not accepted: meat, bones, or dairy. Closed on all federal holidays. Drop off directly in the pallet compost bin inside the garden.","131",Tuesdays and Thursdays 9:00AM - 5:00PM,Year Round,Plant Group,"110.0","023000",,,"32.0",www.plantgroupnyc.com
Brooklyn,"45.0",Wyckoff Farmhouse Museum,,"5816 Clarendon Rd, Brooklyn, NY 11203",,Rugby-Remsen Village,,"130","Everyday, Dawn-Dusk",Year Round (except February),Staff at Wyckoff Farmhouse Museum,"317.0","094600",,,"67.0",Wyckoff Farmhouse Museum
Queens,"29.0",Kew Gardens CSA,,"Kew Gardens Cinemas Park  Austin St. off of Lefferts Blvd Queens, NY 11415",,Kew Gardens,"Not accepted: meat, bones, or dairy","129",Sunday 8:30 AM - 10:30 AM,Year Round,"Kew Gardens CSA, sponsored by Kew Gardens Cinemas","409.0","013600",,,"102.0",kewgardenscsa.org
Queens,"29.0",Forest Hills Green Team Hosted by MacDonald Park,,MacDonald Park,,Forest Hills,"Not accepted: grains, bread, meat, bones, or dairy","128",Sundays 10:00 AM - 1:00 PM,April - January,Forest Hills Green Team,"406.0","071100",,,"112.0",www.facebook.com/groups/foresthillsgreenteam
Queens,"29.0",The Compost Collective,,"The corner of Yellowstone Blvd, and Kessel Street Forest Hills, NY 11375",,Rego Park,"Not accepted: meat, bones, or dairy","127",Saturdays 12:00PM - 2:00PM,Year Round (Except February),The Compost Collective,"406.0","070300",,,"112.0",https://www.facebook.com/pg/thecompostcollective/about/?ref=page_internal
Queens,"20.0",Queens Botanical Garden Public Food Scrap Drop-Off,,"Parking Garden at QBG 42-80 Crommelin Avenue, Flushing, NY 11355",,Flushing,"Not accepted: meat, bones, or dairy","126",Every day 8:00AM - 5:00PM,Yea Round,NYC Compost Project Hosted by Queens Botanical Garden,"407.0",,,,"109.0",
Brooklyn,"40.0",Maple Street Community Garden,,"237 Maple St, Brooklyn, NY 11225",,Prospect Lefferts Gardens-Wingate,"Not accepted: meat, bones, or dairy","125",Wednesdays and Saturdays 10:30AM - 12:30PM,Year Round,Maple Street Community Garden,"309.0","080000",,,"71.0",https://www.facebook.com/maplestreetcommunitygarden/
Brooklyn,"40.0",Cortelyou Greenmarket,,Argyle Rd and Cortelyou Rd,,Flatbush,"Not accepted: meat, bones, or dairy","124",Sundays 9:00AM - 1:00PM,Year Round,GrowNYC,"314.0",,,,"70.0",
Brooklyn,"40.0",Q Gardens,,"58 E 18th St, Brooklyn, NY 11226",,Flatbush,"Not accepted: meat, bones, dairy, or oil","123","Fridays + Saturdays all day; Sundays from dusk until 4:00PM",Year Round,Q Gardens,"314.0","050600",,,"70.0",https://qgardenscf.com/places-to-drop-off-your-compost/
Manhattan,"7.0",Maggie's Garden,,564 W 149th St,,Hamilton Heights,"Not accepted: meat, bones, or dairy","122",Sundays 11 AM- 1 PM,April-October,Maggie's Garden,"109.0",,,,"30.0",
Manhattan,"7.0",Jenny's Garden,,699 West 138th Street,,Hamilton Heights,WEATHER PERMITTING! Check IG/FB for weekend updates.  Please DO NOT leave bags of food scraps by gate when the garden is closed.  Remember to remove produce stickers.,"121",Saturdays & Sundays 11:00AM - 1:00PM,Year Round,Jenny's Garden,"109.0","022500",,,"30.0",https://www.instagram.com/jennysgarden138/
Manhattan,"7.0",Frank White Memorial Garden,,"506 West 143rd Street, New York, NY 10031",,Hamilton Heights,Garden staff will be available for questions or concerns from 10am-6pm.,"120",24/7,Year Round,Brotherhood Sister Sol,"109.0","022900",,,"30.0",www.brotherhood-sistersol.org
Manhattan,"7.0",97th Street Greenmarket,,W 97th St and Amsterdam Ave,,Upper West Side,"Not accepted: meat, bones, or dairy","119",Fridays 8:00AM - 12:30 PM,Year Round,GrowNYC,"107.0","018500",,,"24.0",https://www.grownyc.org/greenmarket/manhattan/west-97
Manhattan,"6.0",79th St. Greenmarket,,77th Street between Columbus Ave and Central Park West,,Upper West Side,"Not accepted: meat, bones, or dairy","118",Sundays 9:00AM - 3:00PM,Year Round,GrowNYC,"107.0",,,,"20.0",
Staten Island,"49.0",Staten Island Urban Center,,208 Bay Street,,Stapleton-Rosebank,"Not accepted: meat, bones, dairy","117",Saturdays 11:00 AM - 1:30 PM,April - October,Staten Island Urban Center,"501.0","002100",,,"120.0",www.siurbancenter.org
Staten Island,"49.0",Olivet Heavenly Harvest,,"97 Myrtle Avenue, Staten Island, NY",,New Brighton-Silver Lake,"Not accepted: grains, bread, meat, or dairy","116",Saturdays 10:00AM - 2:00PM,March - November,Olivet Heavenly Harvest,"501.0","010500",,,"120.0",olivetheavenlyharvest.com
Staten Island,"49.0",H.E.A.L.T.H for Youths Skyline Community Garden,,1 Clyde Place,,West New Brighton-New Brighton-St. George,"Not accepted: meat, bones, or dairy","115",Saturdays 10:00AM - 11:00AM,Year Round,H.E.A.L.T.H for Youths Skyline Community Garden,"501.0","007700",,,"120.0",www.health4youths.org
Staten Island,"49.0",St. George Greenmarket,,St. Marks Pl and Hyatt St,,West New Brighton-New Brighton-St. George,"Not accepted: meat, bones, or dairy","114",,Year Round,,"501.0",,,,"120.0",
Staten Island,"49.0",Compost Demonstration Site at Snug Harbor Cultural Center & Botanical Garden,,Compost Demonstration Site at Snug Harbor Cultural Center & Botanical Garden 1000 Richmond Terrace,,West New Brighton-New Brighton-St. George,,"113",Thursdays 9:00AM - 2:30PM,Year Round,NYC Compost Project Hosted by Snug Harbor Cultural Center & Botanical Garden,"501.0","009700",,,"120.0",Snug Harbor Cultural Center & Botanical Garden
Manhattan,"3.0",Mathews-Palmer Park,,"437 W 45 St, New York, NY 10036",,Clinton,"Please register to participate at bit.ly/HKcompost Setup is inside the park gate, under the mosaic panels, to the right of the park house door. Lids must remain closed and all food scraps must be placed INSIDE the bins","112","Open during all park hours, typically dawn-dusk",Year Round,Mathews-Palmer Park,"104.0",,,,"18.0",
Manhattan,"3.0",Hudson River Park Pier 96 Boathouse at W 55 St,,Park Pier 96 Boathouse at W 55 St,,Clinton,"Not accepted: meat, bones, or dairy","111",Every day 7:00AM - 7:00PM,Year Round,Staff at Hudson River Park,"104.0","013500",,,"18.0",https://hudsonriverpark.org/the-park/sustainability/community-compost-program/
Manhattan,"3.0",Hudson River Park's Pier 84 at W. 44th St.,,Pier 84 at W. 44th St. near dog park,,Clinton,"Not accepted: meat, bones, or dairy","110",Every day 7:00 am - 7:00 pm,Year Round,Staff at Hudson River Park,"104.0","012900",,,"18.0",https://hudsonriverpark.org/the-park/sustainability/community-compost-program/
Manhattan,"3.0",Abingdon Sq. Greenmarket,,W 12th St and 8th Ave,,West Village,"Not accepted: meat, bones, or dairy","109",Saturdays 8:00AM - 2:00PM,Year Round,GrowNYC,"102.0",,,,"6.0",
Manhattan,"3.0",Christopher Park,,"West 4th Street b/w Christopher St and Grove St., west side of Christopher Park",,West Village,"Not accepted: meat, bones, or dairy","108",Wednesdays 9:00AM - 2:00PM,Year Round,NYC Compost Project Hosted by LES Ecology Center,"102.0","007100",,,"6.0",https://www.lesecologycenter.org/programs/compost/compost-drop-off-locations/
Manhattan,"3.0",Hudson River Park Pier 46 at Charles St,,Pier 46 at Charles St,,West Village,"Not accepted: meat, bones, or dairy","107",Every day 7:00AM - 7:00PM,Year Round,Staff at Hudson River Park,"102.0","007500",,,"6.0",https://hudsonriverpark.org/the-park/sustainability/community-compost-program/
Manhattan,"3.0",Hudson River Park's Pier 51 at Horatio St.,,Pier 51 at Horatio St. near playground,,West Village,"Not accepted: meat, bones, or dairy","106",Every day 7:00AM - 7:00PM,Year Round,Staff at Hudson River Park,"102.0","007900",,,"6.0",https://hudsonriverpark.org/the-park/sustainability/community-compost-program/
Manhattan,"3.0",Hudson River Park's Pier 40 at W. Houston St.,,Pier 40 at Houston St. near dog park,,West Village,"Not accepted: meat, bones, or dairy.","105",Every day 7:00AM - 7:00PM,Year Round,Staff at Hudson River Park,"102.0","006900",,,"6.0",https://hudsonriverpark.org/the-park/sustainability/community-compost-program/
Manhattan,"5.0",East 96th Street Food Scrap Drop-off,,96th St & Lexington Ave,,Upper East Side-Carnegie Hill,"Not accepted: meat, bones, or dairy","104",Fridays 7:30AM - 11:30AM,Year Round,GrowNYC,"108.0",,,,"19.0",
Manhattan,"8.0",Rodale Pleasant Park Community Garden,,"437 E 114th St, New York, NY 10029",,East Harlem North,"Compost volunteer workdays are every Friday 3pm-6pm. To volunteer, email flosparks0306@gmail.com.","103",24/7,Everyday,Rodale Pleasant Park Community Garden,"111.0",,,,"23.0",
Manhattan,"8.0",Lydia's Magic Garden,,"1665 Park Avenue, Manhattan 10035 between 117th and 118th Streets",,East Harlem North,"Bring food scraps inside the garden to place in the compost tumbler. Not accepted: meat, bones, or dairy.","102","Sunday: 3-4 PM; Monday: 1-2 PM; Tuesday 1-2 PM; Wednesday: 1-2 PM; Friday: 8-9 AM",Year Round,Lydia's Magic Garden,"111.0","018200",,,"25.0",https://www.facebook.com/lydiasmagicgarden/
Manhattan,"8.0",Pleasant Village Community Garden,,"342 Pleasant Ave., New York, NY 10035",,East Harlem North,,"101","Everyday, Dawn-Dusk",Year Round,Volunteers at Pleasant Village Community Garden,"111.0","017800",,,"25.0",http://facebook.com/pleasantvillagecommunitygarden
Bronx,"16.0",170 Farm Stand,,Corner of East 170th Street and Townsend Avenue,,West Concourse,"Remove all plastic, stickers, and zip ties before dropping off food scraps","100","Wednesday, 2:30-5:00pm",July 14th - November 24th,New Settlement's Community Food Action Program,"204.0","022300",,,"44.0",www.newsettlement.org
Bronx,"8.0",Target Bronx Community Garden,,1024 Woodycrest Avenue,,Highbridge,"Not accepted: meat, bones, or dairy","99",Mondays 10:00AM - 5:00PM,Year Round,Target Bronx Community Garden,"204.0","018900",,,"44.0",www.targetbronxcommunitygarden.org
Bronx,"17.0",New Roots Community Farm,,"670 Grand Concourse, The Bronx, NY 10451",,East Concourse-Concourse Village,"Not accepted: meat, bones, or dairy","98",Fridays 8:00AM - 12:00PM,Year Round,GrowNYC,"204.0","005902",,,"44.0",grownyc.org/compost
Bronx,"17.0",Kelly Street Garden,,"924 Kelly St, The Bronx, NY 10459",,Longwood,,"97",Saturdays 10:00AM - 2:00PM,Year Round,Volunteers at Kelly Street Garden,"202.0","008700",,,"41.0",https://www.facebook.com/kellyst.garden/
Bronx,"17.0",Synergi Urban Farm 2.0,,"1211 Hoe Ave, Bronx, NY 10459",,Morrisania-Melrose,"Not accepted: meat, bones, or dairy. Please chop and freeze your scraps when possible. Be prepared to empty your food  scraps into a bin. Try and bring your scraps in a brown paper bag instead of plastic.","96",Saturdays 1:00PM - 3:00PM,Year Round,GreenFeen OrganiX,"203.0","012500",,,"42.0",https://www.facebook.com/holisticsynergi/
Bronx,"8.0",Friends of Brook Park Community Garden,,"494 E 141st St, The Bronx, NY 10454",,Mott Haven-Port Morris,,"95",Saturdays & Sundays from 10:00AM - 4:00PM,Year Round,Volunteers at Friends of Brook Park Community Garden,"201.0",,,,"40.0",
Bronx,"17.0",Lincoln Hospital Greenmarket,,149th St between Park Ave and Morris Ave,,Melrose South-Mott Haven North,"Not accepted: meat, bones, or dairy","94",Fridays 8:00AM - 12:00PM,June 25 - November 19,GrowNYC,"201.0","006500",,,"40.0",https://www.grownyc.org/greenmarket/bronx/lincoln-hospital-fr
Bronx,"17.0",Bronx River House / Starlight Park,,1490 Sheridan Blvd,,Crotona Park East,"Not accepted: meat, bones, or dairy","93",Fridays 9 AM - 11 AM,Year Round,www.bronxriver.org,"209.0","015700",,,"43.0",Bronx River Alliance
Bronx,"15.0",La Familia Verde Farmer's Market,,Tremont Ave between LaFontaine and Arthur Ave (Tremont Park),,Claremont-Bathgate,"Not accepted: meat, bones, or dairy. Visit the Center Farm stand to drop off your food scraps.","92",Tuesdays 8:00AM - 2:00PM,"July- November 17, 2020",Volunteers at La Familia Verde Farmers Market,"206.0","039500",,,"48.0",http://www.lafamiliaverde.org/
Bronx,"15.0",Fordham Plaza Greenmarket,,E Fordham Rd between Webster Ave & Third Ave,,Claremont-Bathgate,"Not accepted: meat, bones, or dairy","91",Fridays 8:00 AM - 11:30 AM,Year Round,GrowNYC,"206.0","038500",,,"48.0",https://www.grownyc.org/greenmarket/bronx/fordham
Bronx,"15.0",Garden of Happiness,,"2144F Prospect Ave, The Bronx, NY 10460",,East Tremont,"Not accepted: Meat, bones, or dairy. Bin will be placed near the front entrance a mask must be worn when entering the Garden.","90",Monday-Friday 10:00AM - 4:00PM,April - November,Volunteers at Garden of Happiness,"206.0","037100",,,"48.0",http://www.lafamiliaverde.org/
Bronx,"15.0",Garden of Youth,,"Corner of 182 St and Prospect Ave, Bronx, NY 10457",,East Tremont,"Not accepted: meat, bones, dairy. Bin will be placed at the side entrance on 182nd. Mask must be worn when entering the garden.","89",Tuesday-Saturday 10:00AM - 4:00PM,April - November,Volunteers at Garden of Youth,"206.0",,,,"48.0",
Bronx,"17.0",Mary Mitchell Family & Youth Center,,"2007 Mapes Ave, Bronx, NY 10460",,East Tremont,"Not accepted: meat, bones, dairy","88",Mondays - Fridays 9:00AM - 5:00PM,Year Round,Mary Mitchell Family & Youth Center,"206.0","037100",,,"48.0",http://themarymitchellfyc.org/
Bronx,"17.0",Drew Gardens,,"1070 East Tremont Avenue. between Bronx Street and, Boston Rd, The Bronx, NY 10460",,Crotona Park East,,"87","Mondays, Wednesdays, and Fridays from 4:00PM - 7:00PM",Year Round,Volunteers at Drew Gardens,"206.0","006000",,,"48.0",https://www.facebook.com/drewgardens.educationalrecreational
Bronx,"11.0",Praxis Housing,,4339 White Plains Road,,Woodlawn-Wakefield,"Not accepted: meat, bones, or dairy. Enter through rear gate to drop off food scraps in brown bins","86",Fridays 9:00AM - 1:00PM,Year Round,Staff at Praxis Housing,"212.0","041800",,,"47.0",https://www.praxishousing.org
Bronx,"11.0",OPEN FOR THE SEASON: Riverdale Y Sunday Market,,4545 Independence Ave,,North Riverdale-Fieldston-Riverdale,"Not accepted: meat, bones, or dairy","85",Sundays 11:30 AM - 12:30PM,April - December,Riverdale Y Sunday Market Volunteers,"208.0",,,,"50.0",
Bronx,"11.0",Mediator's Composting Initiative,,"260 West 231 Street Bronx, NY 10463",,Spuyten Duyvil-Kingsbridge,"Donation: 25 cents per pound. Drop off location is by Bx7, Bx10, BX1 bus stop.","84",Saturdays 10:00AM - 12:00PM,Year Round,The Earth Ministry of The Church of The Mediator,"208.0","028900",,,"50.0",https://www.instagram.com/mediator_garden_and_composting/
Bronx,"14.0",Kingsbridge Heights Community Center:,,"3101 Kingsbridge Terrace, Bronx NY 10463",,Van Cortlandt Village,"There will be a wheelbarrow/table in the upper garden for collection. Not accepted: meat, bones, dairy, or grains.","83",Wednesdays 12:00PM - 2:00PM,Year Round,Staff at Kingsbridge Heights Community Center,"208.0","027700",,,"50.0",www.khcc-nyc.org
Bronx,"11.0",Van Cortlandt Park Alliance Farm Stand,,Orloff Avenue and Gale Place,,Van Cortlandt Village,"Remove all plastic, stickers and zip ties before dropping off food scraps. Not accepted: grains, dairy, or meat","82",Wednesdays 2 PM - 4 PM,June - October,Van Cortlandt Park Alliance,"208.0","028100",,,"50.0",vancortlandt.org
Bronx,"11.0",Mosholu Preservation,,3400 Reservoir Oval East,,Norwood,"Not accepted: meat, bones, or dairy","81",Every day 9:00AM - 8:00PM,Year Round,Friends of Mosholu Parkland,"207.0","042300",,,"52.0",www.mpcbronx.org
Bronx,"11.0",James Baldwin Outdoor Learning Center,,"100 W Mosholu Pkwy S, The Bronx, NY 10468",,Van Cortlandt Village,Site entrance is on the Goulden Ave side of campus,"80",Saturdays 10 am - 2 pm,Year Round,Volunteers at James Baldwin Outdoor Learning Center,"207.0","040900",,,"52.0",https://www.jamesbaldwinoutdoorlearningcenter.org/
Bronx,"11.0",Lehman College,,"250 Bedford Park Blvd W, Bronx, NY 10468 (at Gate 8 between Bedford Park Blvd West and Paul Avenue)",,Van Cortlandt Village,No drop-offs on Holidays when campus is closed,"79",Mondays 9:00AM - 12:00PM,Year Round,Volunteers at Lehman College,"207.0",,,,"52.0",
Brooklyn,"35.0",Fort Greene Greenmarket,,Washington Park and Myrtle Ave,,Fort Greene,"Not accepted: meat, bones, or dairy","78",Saturdays 9:00AM - 1:00PM,Year Round,GrowNYC,"302.0","003100",,,"88.0",https://www.grownyc.org/greenmarket/brooklyn/fort-greene
Brooklyn,"35.0",Prospect Heights Community Farm,,"252-256 St Marks Ave, Brooklyn, NY 11238",,Prospect Heights,"Not accepted: meat, bones, or dairy","77",Sundays 10:00AM - 1:00PM,Year Round,Prospect Heights Community Farm,"308.0","020500",,,"77.0",https://www.phcfarm.com/2020/07/23/compost-capacity-expanded/
Brooklyn,"35.0",Crown Heights Food Scrap Drop-off Site,,Franklin Avenue & Eastern Parkway,,Crown Heights North,"No meat, fish, or Dairy. No BPI-Certified Plastic Products.","76","Wednesdays, 8:30-11:30AM",Year-Round,GrowNYC,"308.0","021900",,,"77.0",https://www.grownyc.org/compost
Brooklyn,"35.0",Walt L Shamel Community Garden,,"1097 Dean St, Brooklyn, NY 11216",,Crown Heights North,"No potting soil, meat, or dairy","75",Saturdays and Sundays 12:00PM - 2:00PM,mid-March - end of January,Volunteers at Walt L. Shamel Community Garden,"308.0","022100",,,"77.0",https://www.facebook.com/WaltLShamelCommunityGarden/
Brooklyn,"36.0",1100 Bergen Street Community Garden,,"1107 Bergen Street, Brooklyn, NY 11216",,Crown Heights North,"Meat, bones, and dairy not accepted.","74","Mondays, 5-7PM",April-November,Volunteers at 1100 Bergen Street Community Garden,"308.0","031500",,,"77.0",https://bqlt.org/garden/1100-block-bergen-st-community-garden
Brooklyn,"36.0",Imani Community Garden,,"87-91 Schenectady Ave, Brooklyn, NY 11213",,Crown Heights North,"Not accepted: meat, bones, or dairy","73","Wednesdays 8:00AM - 10:00AM; Saturdays 11:00AM - 1:00PM",Year Round,Imani Community Garden,"308.0","030900",,,"77.0",https://www.facebook.com/Imani-Garden-168006109999475/
Brooklyn,"36.0",Bed Stuy Fresh Food Box,,Decatur St and Lewis Ave,,Stuyvesant Heights,"Not accepted: meat, bones, or dairy","72",Saturdays 11:00AM - 3:00PM,Year Round,GrowNYC,"303.0","027300",,,"81.0",https://www.grownyc.org/foodbox/Bed-Stuy
Brooklyn,"36.0",Lafayette Garden,,"1035 Lafayette Ave, Brooklyn, NY 11221",,Stuyvesant Heights,,"71","Thursdays, 1:00 PM-4:00 PM",Year Round,Volunteers at Lafayette Garden,"303.0","028900",,,"81.0",https://lafayettegarden933021902.wordpress.com/
Brooklyn,"38.0",Rappaport Playground,,NW corner of Fort Hamilton Pkwy and 53rd Street,,Borough Park,"Not accepted: meat, bones, or dairy","70",Tuesdays 10 AM - 3 PM,Year Round,NYC Compost Project Hosted by LES Ecology Center,"312.0","011600",,,"66.0",https://www.lesecologycenter.org/programs/compost/compost-drop-off-locations/
Brooklyn,"39.0",Christ Church Community Compost,,326 Clinton Street,,Carroll Gardens-Columbia Street-Red Hook,"Only accepting fruits, vegetables, coffee, tea, and nuts","69","Sundays from 9:00AM-10:00AM; Wednesdays from 7:00PM-8:00PM",Year Round,Volunteers at Christ Church,"306.0","006700",,,"76.0",www.christchurchcobblehill.net
Brookyln,"39.0",Carroll Gardens Greenmarket,,Smith St and 1st Pl,,Carroll Gardens-Columbia Street-Red Hook,"Not accepted: meat, bones, or dairy","68",Sundays 8:00AM - 12:00PM,Year Round,GrowNYC,"306.0",,,,"76.0",
Brooklyn,"35.0",Prospect Heights Food Scrap Drop-off Site,,Park Place & Carlton Ave,,Prospect Heights,"No Meat, Bones, Dairy. No BPI-Certified Plastic Products.","67","Thursdays, 8-11AM",Year-Round,GrowNYC,"308.0","016300",,,"78.0",https://www.grownyc.org/compost
Brooklyn,"39.0",Gowanus Salt Lot,,"2 2nd Ave, Brooklyn, NY 11215",,Park Slope-Gowanus,"Not accepted: meat, bones, dairy, or oil","66",24/7,Year Round,NYC Compost Project Hosted by Big Reuse,"306.0",,,,"78.0",
Brooklyn,"39.0",Nurture BK,,"Prospect Park, West of the entrance on Parkside Av (& Ocean Av)",,park-cemetery-etc-Brooklyn,"Not accepted: Meat, bones, dairy, or oil","65",Sundays 9:00AM - 11:00AM,Year Round,Nurture BK,"355.0","017700",,,"78.0",https://www.instagram.com/nurturebk_compost/
Brooklyn,"38.0",Los Colibríes Community Garden,,"219 34th Street, Brooklyn 11232",,Sunset Park West,"Not accepted: meat, bones, dairy","64",Sundays 11 AM - 4 PM,Year Round,Los Colibríes Community Garden,"307.0","008400",,,"72.0",https://www.facebook.com/jardin34/
Brooklyn,"39.0",Prospect Farm,,"1194 Prospect Ave, Brooklyn, NY 11218",,Windsor Terrace,,"63","Wednesdays 5:00PM - 6:00PM; Saturdays 11:00AM - 12:00PM",Year Round,Prospect Farm,"307.0","050202",,,"72.0",https://prospectfarm.org/composting/
Brooklyn,"39.0",OPEN FOR THE SEASON: East 4th Street Community Garden,,"173 E 4th St, Brooklyn, NY 11218",,Windsor Terrace,,"62","Wednesdays 4:30 PM-6:30 PM, Saturdays 10:00 AM-1:00 PM, Sundays 10:00 AM - 12 PM","Seasonal, April - November 22",Members at East 4th Street Community Garden,"307.0","050000",,,"72.0",https://eastfourthstreetgarden.tumblr.com/
Manhattan,"10.0",Inwood Greenmarket,,Seaman Ave and Isham St (N corner),,park-cemetery-etc-Manhattan,"Not accepted: meat, bones, or dairy","61",Saturdays 8:00 AM - 12:00PM,Year Round,GrowNYC,"112.0","029700",,,"34.0",https://www.grownyc.org/greenmarket/manhattan/inwood
Manhattan,"1.0",Battery Park City Authority Rockefeller Park,,Lower level downstairs at corner of Chambers St and River Terrace,,Battery Park City-Lower Manhattan,"Not accepted: cooked foods, bread, grains, meat, or dairy","60",24/7,Year Round,Battery Park City Authority,"101.0","031703",,,"1.0",https://bpca.ny.gov/nature-and-sustainability/sustainability/
Manhattan,"1.0",Battery Park City Authority Headquarters,,75 Battery Place,,Battery Park City-Lower Manhattan,"Not accepted: cooked foods, bread, grains, meat, or dairy","59",24/7,Year Round,Battery Park City Authority,"101.0","031704",,,"1.0",https://bpca.ny.gov/nature-and-sustainability/sustainability/
Manhattan,"1.0",Bowling Green Greenmarket,,"Broadway at Battery Place, New York, NY 10004",,Battery Park City-Lower Manhattan,Accepted: All organics except pet waste,"58",Tuesdays 8:00AM - 11:00 AM,Year Round,NYC Compost Project Hosted by Earth Matter NY,"101.0",,,,"1.0",
Manhattan,"3.0",6th Ave & Spring St,,6th Avenue & Spring Street -NE Corner,,SoHo-TriBeCa-Civic Center-Little Italy,"Not accepted: Meat, bones, or dairy","57",Wednesdays 9:00AM - 2:00PM,Year Round,NYC Compost Project Hosted by LES Ecology Center,"102.0","004900",,,"1.0",https://www.lesecologycenter.org/programs/compost/compost-drop-off-locations/
Greenwich St. & Duane St,"1.0",Tribeca Greenmarket,,Tribeca Greenmarket,,SoHo-TriBeCa-Civic Center-Little Italy,,"56",Saturdays 8:00AM - 1:00PM,Year Round,GrowNYC,"101.0",,,,"1.0",
Manhattan,"1.0",Hudson River Park's Pier 25 at N. Moore St.,,Pier 25 at N. Moore St. near kid's playground,,SoHo-TriBeCa-Civic Center-Little Italy,"Not accepted: meat, bones, or dairy","55",Every day 7:00AM - 7:00PM,Year Round,Staff at Hudson River Park,"101.0","003900",,,"1.0",https://hudsonriverpark.org/the-park/sustainability/community-compost-program/
Manhattan,"1.0",Governors Island Zero Waste Stations,,Several locations throughout Governors Island,,park-cemetery-etc-Manhattan,Accepted: All organics except pet waste,"54",Check ferry schedule,May 1 - November 1,NYC Compost Project Hosted by Earth Matter NY,"101.0",,,,"1.0",
Manhattan,"1.0",Governors Island Compost Learning Center,,758 Enright Rd,,park-cemetery-etc-Manhattan,Accepted: All organics except pet waste,"53",Saturdays and Sundays,May 1- November 1,NYC Compost Project Hosted by Earth Matter NY,"101.0",,,,"1.0",
Manhattan,"1.0",Governors Island Soissons Ferry Landing,,Adjacent to Soissons Landing and Taco Vista,,park-cemetery-etc-Manhattan,Accepted: All organics except pet waste,"52",When the island is open to the public (Check ferry schedule),May 1 - November 1,NYC Compost Project Hosted by Earth Matter NY,"101.0","000500",,,"1.0",www.earthmatter.org
Manhattan,"3.0",8th Ave & 23rd St,,"West 23rd Street at 8th Avenue, North side of W 23rd Street, just east of 8th Avenue",,Hudson Yards-Chelsea-Flatiron-Union Square,"Not accepted: meat, bones, or dairy","51",Wednesdays 9:00AM - 2:00PM,Year Round,NYC Compost Project Hosted by LES Ecology Center,"104.0","009100",,,"10.0",https://www.lesecologycenter.org/programs/compost/compost-drop-off-locations/
Manhattan,"3.0",Hudson River Park Pier 66 at W 26 St,,Pier 66 at W 26 St,,Hudson Yards-Chelsea-Flatiron-Union Square,"Not accepted: meat, bones, or dairy","50",Every day 7:00AM - 7:00PM,Year Round,Staff at Hudson River Park,"104.0","009900",,,"10.0",https://hudsonriverpark.org/the-park/sustainability/community-compost-program/
Manhattan,"3.0",Hudson River Park's Pier 76 at W. 34th St.,,Pier 76 at 34th Street and 12th Ave outside of compost yard South of 34th St,,Hudson Yards-Chelsea-Flatiron-Union Square,"Not accepted: meat, bones, or dairy","49",Every day 7:00 am - 7:00 pm,Year Round,Staff at Hudson River Park,"104.0","009900",,,"10.0",https://hudsonriverpark.org/the-park/sustainability/community-compost-program/
Manhattan,"3.0",Hudson River Park's Chelsea Waterside Park at W. 23rd St.,,Chelsea Waterside Park near the playground,,Hudson Yards-Chelsea-Flatiron-Union Square,"Not accepted: meat, bones, or dairy.","48",Every day 7:00AM - 7:00PM,Year Round,Staff at Hudson River Park,"104.0","009900",,,"10.0",https://hudsonriverpark.org/the-park/sustainability/community-compost-program/
Manhattan,"3.0",Hudson River Park's 14th Street Park at 10th Ave.,,14th Street Park at southwest corner of 15th St. and 10th Ave,,Hudson Yards-Chelsea-Flatiron-Union Square,"Not accepted: meat, bones, or dairy","47",Every day 7:00 am - 7:00pm,Year Round,Staff at Hudson River Park,"104.0","009900",,,"10.0",https://hudsonriverpark.org/the-park/sustainability/community-compost-program/
Manhattan,"4.0",9C Community Garden Composting,,"E 9th St & Ave C - NE corner, next to Citibike station",,Stuyvesant Town-Cooper Village,"Not accepted: meat, bones, dairy, bread, or grains.","46","Tuesdays 9:00AM - 11:00AM; Saturdays 12:00PM - 3:00PM",Year Round,9C Community Garden Composting,"106.0","004400",,,"13.0",https://www.instagram.com/lescompost/
Manhattan,"2.0",Union Square Greenmarket,,"E 17th St & Union Square E, New York, NY",,Hudson Yards-Chelsea-Flatiron-Union Square,"Not accepted: meat, bones, or dairy","45","Mondays, Wednesdays, Fridays, & Saturdays, 8:00 AM-5:00 PM",Year Round,NYC Compost Project Hosted by LES Ecology Center,"105.0","005200",,,"13.0",https://www.lesecologycenter.org/programs/compost/compost-drop-off-locations/
Manhattan,"2.0",Tompkins Square Greenmarket,,"E 7th St & Avenue A, New York, NY 10009",,East Village,"Not accepted: meat, bones, or dairy","44",Sundays 8:00AM - 5:00PM,Year Round,NYC Compost Project Hosted by LES Ecology Center,"103.0","003200",,,"9.0",https://www.lesecologycenter.org/programs/compost/compost-drop-off-locations/
Manhattan,"2.0",1st Ave and  1st St,,First Avenue between Houston and First Street (West Side),,East Village,"Not accepted: meat, bones, or dairy","43",Mondays 9:00AM - 2:00PM,Year Round,NYC Compost Project Hosted by LES Ecology Center,"103.0","003602",,,"9.0",https://www.lesecologycenter.org/programs/compost/compost-drop-off-locations/
Manhattan,"2.0",Down to Earth Garden,,546 East 12th St,,Lower East Side,"We accept potted plants, clippings and flowers but please keep them separate from food scraps.","42","Tuesdays:1:30-3:00pm, Thursday:3:30-6:00pm",Year Round,Down to Earth Garden,"103.0","002800",,,"9.0",downtoearthgarden.org/
Manhattan,"1.0",East Broadway & Rutgers Street,,"East side of Rutgers St b/w East Broadway & Canal St, on the west side of Straus Sq",,Lower East Side,"Not accepted: meat, bones, or dairy","41",Fridays 9:00AM - 2:00PM,Year Round,NYC Compost Project Hosted by LES Ecology Center,"103.0","000600",,,"7.0",https://www.lesecologycenter.org/programs/compost/compost-drop-off-locations/
Manhattan,"1.0",Grand Street & Clinton Street,,Grand Street & Clinton Street,,Lower East Side,"Not accepted: meat, bones, or dairy","40",Mondays 9:00AM - 2:00PM,Year Round,NYC Compost Project Hosted by LES Ecology Center,"103.0","001401",,,"7.0",https://www.lesecologycenter.org/programs/compost/compost-drop-off-locations/
Manhattan,"2.0",East River Park Compost Yard,,East River Park Compost Yard,,Lower East Side,"Not accepted: meat, bones, or dairy","39","Everyday, Dawn-Dusk",Year Round,NYC Compost Project Hosted by LES Ecology Center,"103.0","000202",,,"7.0",https://www.lesecologycenter.org/programs/compost/compost-drop-off-locations/
Brooklyn,"33.0",Vinegar Hill Community Garden,,"199 York St, Brooklyn, NY 11201",,DUMBO-Vinegar Hill-Downtown Brooklyn-Boerum Hill,"Not accepted: meat, bones, or dairy","38",Sundays 11:00AM - 2:00PM,Year Round,Members of Vinegar Hill Community Garden,"302.0","002100",,,"84.0",https://groundcycle.org/
Brooklyn,"33.0",Transmitter Park Drop-Off,,2 Greenpoint Ave and West Street,,Greenpoint,"No meat, dairy, fish. No BPI Plastic Products accepted.","37","Sunday, 11:30AM-1:00PM",Year Round,North Brooklyn Compost Project,"301.0","056500",,,"94.0",nbkcompost.org
Brooklyn,"33.0",North Brooklyn Compost,,"Russell Street &, Nassau Ave, Brooklyn, NY 11222",,Greenpoint,No oil,"36",Sundays 10:00AM - 1:00PM,Year Round,North Brooklyn Compost,"301.0","059100",,,"94.0",https://www.instagram.com/nbkcompost/?hl=en
Brooklyn,"33.0",McCarren Park Greenmarket,,N 12th St and Driggs Ave,,North Side-South Side,"Not accepted: meat, bones, or dairy","35",Saturdays 8:00AM - 12:00PM,Year Round,GrowNYC,"301.0","051900",,,"94.0",https://www.grownyc.org/greenmarket/brooklyn/greenpoint-sa
Queens,"25.0",St. James Compost,,"86-02 Broadway, Elmhurst, NY 11373",,Elmhurst,,"34",Every day from 9:00AM - 6:00PM,Year Round,Volunteers at St. James Compost,"404.0","047300",,,"110.0",https://www.instagram.com/stjamescompost/
Brooklyn,"42.0",UCC Youth Farm,,613 New Lots Avenue,,East New York,"Not accepted: meat, bones, or dairy","33",24/7,June - November,East New York Farms,"305.0","112400",,,"75.0",https://ucceny.org/enyf/
Brooklyn,"41.0",Farmers Garden,,1899 Bergen Street,,Ocean Hill,"Not accepted: meat, bones, or dairy","32",Wednesdays & Sundays 11 AM - 2 PM,May - November,Volunteers at Farmers Garden,"316.0",,,,"73.0",
Brooklyn,"42.0",Abib Newborn Learning Garden,,"495 Osborn St, Brooklyn, NY 11212",,Brownsville,"Not accepted: meat, bones, or dairy","31",Summer (July-August) Monday - Friday (9am - 4pm) Sunday (10am -2pm) 2 Saturdays a month (1-3pm),Year Round,Volunteers at Abib Newborn Learning Garden,"316.0","092000",,,"73.0",https://cityparksfoundation.org/learning-gardens/
Brooklyn,"41.0",OPEN FOR THE SEASON: Howard Garden,,750 Howard Avenue,,Brownsville,"Not accepted: grains, bread, meat, bones, or dairy","30",Fridays 9:00AM - 10:00AM,April - October,Howard Garden,"316.0",,,,"73.0",
Brooklyn,"41.0",CLOSED FOR THE SEASON: Iso Student Farm,,"514 Rockaway Avenue, Brooklyn, NY 11212",,Brownsville,,"29",Fridays and Saturdays 9:00 AM-1:00 PM,"Seasonal, April-October",Volunteers at Isabahlia LOE Foundation,"316.0","092400",,,"73.0",http://www.isabahlialoeinc.org
Queens,"25.0",Jackson Heights Greenmarket,,79th St and Northern Blvd,,Jackson Heights,"Not accepted: meat, bones, or dairy","28",Sundays 9:00AM - 1:00PM,Year Round,GrowNYC,"403.0",,,,"115.0",
Queens,"25.0",CLOSED FOR THE SEASON: Farm Spot CSA,,33-50 82nd street,,Jackson Heights,"Not Accepted: meat, bones, or dairy","27",Thursdays 5:30PM - 8:30PM,May 1 - December 3,Volunteers at Farm Spot,"403.0","028300",,,"115.0",Farmspot.org
Queens,"26.0",OPENING SOON: The Connected Chef,,49-09 5th Street and 49th Avenue,,Hunters Point-Sunnyside-West Maspeth,"(OPENING SUNDAY 10/10) No meat, dairy, or fish.","26","Sundays and Mondays, 9:00am-2:00pm",Year Round,The Connected Chef,"402.0","000700",,,"108.0",theconnectedchef.org
Queens,"26.0",45th Street Composters,,"41-12 45th Street (45th St & Skillman Ave, Queens, NY 11104)",,Hunters Point-Sunnyside-West Maspeth,"Not accepted: meat, bones, or dairy","25",9:30-12:30 or until capacity is reached*,Year Round,Volunteers at 45th Street Composters,"402.0","018300",,,"108.0",https://linktr.ee/45thstreetcomposters
Queens,"26.0",Woodside Sunnyside Composting,,"38-63-38-1 50th St, Woodside, NY 11377",,Hunters Point-Sunnyside-West Maspeth,,"24","Sundays	2:00 PM-5:00 PM (Switches to 4:00 PM Fall, Winter)",Year Round,Volunteers at Woodside Sunnyside Composting,"402.0","016900",,,"108.0",https://www.woodsidesunnysidecomposting.org/
Queens,"26.0",Smiling Hogshead Ranch,,"Pearson Pl & Skillman Ave, Queens, NY 11101",,Hunters Point-Sunnyside-West Maspeth,,"23","Every Day, Dawn-Dusk",Year Round,Volunteers at Smiling Hogshead Ranch,"402.0","000100",,,"108.0",www.smilinghogsheadranch.org
Queens,"26.0",JH Scraps,,"35-20 69th Street, Jackson Heights, NY 11372",,Jackson Heights,,"22","Saturdays, 11:00 AM-01:00 PM",Year Round,Volunteers at JH Scraps,"402.0","029100",,,"108.0",https://www.jhbg.org/2020/07/28/jh-scraps-reopens
Queens,"26.0","New Roots Community Garden, Queens",,Adjacent to 41-38 69th Street and Woodside Avenue,,Woodside,"No meat, fish, or dairy accepted.","21","Mondays, Thursdays, Saturdays, 10:00am-3:00pm",Year Round,New Roots Community Garden,"402.0","026300",,,"108.0",@newrootsqueens
Manhattan,"5.0",Roosevelt Island Farmers Market,,"543 Main St, New York, NY 10044 (Good Shepherd Plaza)",,Lenox Hill-Roosevelt Island,"Not accepted: meat, bones, and dairy","20",Saturdays 9:00AM - 2:00PM,Year Round,Haki Compost Collective,"108.0","023801",,,"114.0",https://www.instagram.com/hakicompost/
Queens,"26.0",Commuter Composting at 21 St-Queensbridge F,,NW Corner of 21st street at 41st Ave,,Queensbridge-Ravenswood-Long Island City,"Not accepted: meat, bones, or dairy","19",Tuesdays 8:00AM - 11:00AM,Year Round,NYC Compost Project Hosted by Big Reuse,"401.0",,,,"114.0",
Queens,"26.0",Socrates Sculpture Park,,"Broadway & Vernon Blvd, Queens, NY 11106",,Queensbridge-Ravenswood-Long Island City,"Not accepted: meat, bones, dairy, or oil","18",Every day 9:00AM - dusk,Year Round,Socrates Sculpture Park,"401.0","003700",,,"114.0",socratessculpturepark.org
Queens,"26.0",Moore-Jackson Cemetery/Garden,,"31-61 51st St, Woodside, NY 11377",,Woodside,"Not accepted: meat, bones, or dairy","17",Saturdays 9:00AM - 12:00PM,Year Round,Members at Moore-Jackson Garden,"401.0","029500",,,"114.0",https://www.facebook.com/MooreJacksonNYC/
Queens,"22.0",Astoria Pug: Hoyt,,"Northwest corner of Hoyt Avenue North and 21st Street, in a courtyard that?s officially called SITTING AREA",,Steinway,"Not accepted: meat, bones, or dairy","16",Saturdays 9:00AM - 3:00PM,Year Round,Astoria Pug,"401.0","009500",,,"114.0",https://www.instagram.com/astoriapug/?hl=en
Queens,"22.0",Astoria Pug: Ditmars,,Ditmars #1 Municipal Parking Field 22-18 33rd Street,,Steinway,"Not accepted: meat, bones, dairy, or oil.","15",Saturdays 9:00AM - 3:45PM,Year Round,Astoria Pug,"401.0","011500",,,"114.0",https://www.instagram.com/astoriapug/?hl=en
Queens,"22.0",Astoria Pug: Newtown,,"30-36 41st Street, Astoria, NY",,Astoria,"Not accepted: meat, bones, or dairy","14",Fridays 10:00AM - 4:30PM,Year Round,Astoria Pug,"401.0","014900",,,"114.0",https://www.instagram.com/astoriapug/?hl=en
Queens,"22.0",Astoria Pug: Steinway,,"38-12 30th Ave, Queens, NY 11103",,Astoria,"Not accepted: meat, bones, dairy, or oil","13",24/7,Year Round,Astoria Pug,"401.0","015500",,,"114.0",https://www.instagram.com/astoriapug/?hl=en
Queens,"22.0",Astoria Pug: Most Precious Blood,,"32-23 36th St, Queens, NY 11106",,Astoria,"Not accepted: meat, bones, dairy, or oil","12",24/7,Year Round,Astoria Pug,"401.0","005900",,,"114.0",https://www.instagram.com/astoriapug/?hl=en
Queens,"22.0",Astoria Pug: Broadway,,"32-11 31st St, Queens, NY 11106",,Astoria,"Not accepted: meat, bones, dairy, or oil","11",Saturdays 9:00AM - 3:00PM,Year Round,Astoria Pug,"401.0","005900",,,"114.0",https://www.instagram.com/astoriapug/?hl=en
Queens,"22.0",Hellgate Farm,,"14-33 30th Drive, Long Island City, NY 11102",,Old Astoria,,"10","December-February: Saturdays & Sundays, 08:00 AM-08:00 PM;",Year Round,Staff at Hellgate Farm,"401.0","007900",,,"114.0",https://www.hellgatefarm.com/
Queens,"23.0",Queens County Farm Museum,,"73-50 Little Neck Parkway, Queens, NY 11004",,Bellerose,"Check Calendar of Events at queensfarm.org for dates when admission is charged (and compost site is not accessible without a ticket). *Farm-wide admission is charged for weekend events on 10-12 days each calendar year. Also, stop by the Farm Store to fi","9",Every Day 10:00 AM-04:00 PM,Year Round,Staff at Queens County Farm Museum,"413.0","156700",,,"105.0",http://queensfarm.org/
Queens,"31.0",OPENING SOON:Spring Thyme Farm,,224th Street 147th Avenue,,Springfield Gardens South-Brookville,"(OPENING 10/2) No meat, fish, dairy or BPI-Cert. Compostable Products accepted","8","Saturdays, 9:30am-2:00pm",April-October,ST. PETER'S LUTHERAN CHURCH,"413.0","069400",,,"105.0",THEMIGHTYSTPETERS.ORG
Queens,"31.0",Spring Thyme Farm,,224th Street 147th Avenue,,Springfield Gardens South-Brookville,"No meat, fat, rice, grain, or pasta accepted.","7",Saturday 9:30am-2pm,April-October,St. Peter's Lutheran Church,"413.0","069400",,,"105.0",themightystpeters.org
Queens,"31.0",Garden of Resilience,,"179-18 145th Dr, Jamaica, NY 11434",,Springfield Gardens South-Brookville,"Not accepted: meat, bones, or dairy.","6",Saturdays 9:00AM - 1:00PM,Year Round,Volunteers at Garden of Resilience,"413.0","032000",,,"105.0",http://www.laurelton.nyc/resilience
Queens,"31.0",Edgemere Farm,,"385 Beach 45th St, Far Rockaway, NY 11691",,Hammels-Arverne-Edgemere,,"5","Wednesdays-Fridays 10:00 AM-5:00 PM, Saturdays, 10:00 AM-3:00 PM",Year Round,Volunteers at Edgemere Farm,"414.0","097204",,,"101.0",http://www.edgemerefarm.org/
Brooklyn,"33.0",Domino Park,,"15 River Street Brooklyn, NY 11249",,North Side-South Side,"Accepting fruit, vegetables, Gound coffee, and bread. Currently not accepting fish & meat, citrus, compostable cutlery, sauces & oils.","4","Mondays 10:00 AM-12:00 PM, Thursdays 6:00 PM-8:00 PM",Year Round,Staff at Domino Park,"301.0","055100",,,"90.0",http://www.dominopark.com/
Brooklyn,"34.0",Sure We Can,,"219 McKibben Street, Brooklyn, NY 11206",,Bushwick South,"Not accepted: Meat, bones, dairy, or oil","3","Mondays - Fridays 7:00AM - 5:00PM; Saturdays 7:00AM - 1:00PM",Year Round,Sure We Can,"301.0","048500",,,"90.0",http://www.surewecan.org/composting
Brooklyn,"34.0",BK Rot,,"1309 Dekalb Ave, Brooklyn, NY 11221 (Know Waste Lands Community Garden)",,Bushwick South,"Not accpepted: meat, dairy, oil, or pet waste","2",Sundays 12:00PM - 3:00PM,Year Round,BK Rot,"304.0","042300",,,"83.0",BKrot.org
Brooklyn,"37.0",Bushwick Grows! Community Garden,,"1474 Gates Ave, Brooklyn, NY 11237",,Bushwick North,,"1","Saturdays, 10:00 AM-01:00 PM","Seasonal, May-November",Volunteers at Bushwick Grows!,"304.0","043300",,,"83.0",https://www.riseboro.org
